episode,steps,reward_0,reward_1,loss_0,loss_1,collisions_0,collisions_1,ou_theta_0,ou_theta_1,ou_mu_0,ou_mu_1,ou_sigma_0,ou_sigma_1,ou_dt_0,ou_dt_1,ou_x0_0,ou_x0_1
0,13,-38.54397180514202,0.08243334360355989,-0.07692307692307693,-0.07692307692307693,0.0,0.0,0.15,0.15,[0. 0. 0. 0. 0.],[0. 0. 0. 0. 0.],0.3,0.3,0.01,0.01,,
1,30,-16.773769870898995,0.10710320423232998,-0.03333333333333333,-0.03333333333333333,0.0,0.0,0.15,0.15,[0. 0. 0. 0. 0.],[0. 0. 0. 0. 0.],0.3,0.3,0.01,0.01,,
2,10,-50.09710153259236,0.09710153259235808,-0.1,-0.1,0.0,0.0,0.15,0.15,[0. 0. 0. 0. 0.],[0. 0. 0. 0. 0.],0.3,0.3,0.01,0.01,,
3,11,-45.60606647422163,0.15152101967618056,-0.09090909090909091,-0.09090909090909091,0.0,0.0,0.15,0.15,[0. 0. 0. 0. 0.],[0. 0. 0. 0. 0.],0.3,0.3,0.01,0.01,,
4,5,-100.19727290054888,-100.27983097939781,-0.2,-0.2,0.0,0.0,0.15,0.15,[0. 0. 0. 0. 0.],[0. 0. 0. 0. 0.],0.3,0.3,0.01,0.01,,
5,16,-31.345536339773414,0.01928046671597739,-0.0625,-0.0625,0.0,0.0,0.15,0.15,[0. 0. 0. 0. 0.],[0. 0. 0. 0. 0.],0.3,0.3,0.01,0.01,,
6,11,-45.605520423282755,0.1509749687373008,-0.09090909090909091,-0.09090909090909091,0.0,0.0,0.15,0.15,[0. 0. 0. 0. 0.],[0. 0. 0. 0. 0.],0.3,0.3,0.01,0.01,,
7,13,-0.07447236251350699,-38.50557943012566,-0.07692307692307693,-0.07692307692307693,0.0,0.0,0.15,0.15,[0. 0. 0. 0. 0.],[0. 0. 0. 0. 0.],0.3,0.3,0.01,0.01,,
8,5,-100.05614579708953,-0.5830637337701153,-0.2,-0.2,0.0,0.0,0.15,0.15,[0. 0. 0. 0. 0.],[0. 0. 0. 0. 0.],0.3,0.3,0.01,0.01,,
9,12,41.62032297579069,-83.28698964245736,-0.08333333333333333,-0.08333333333333333,2.0,2.0,0.15,0.15,[0. 0. 0. 0. 0.],[0. 0. 0. 0. 0.],0.3,0.3,0.01,0.01,,
10,8,-0.05141502898612064,-62.66254452513957,-0.125,-0.125,0.0,0.0,0.15,0.15,[0. 0. 0. 0. 0.],[0. 0. 0. 0. 0.],0.3,0.3,0.01,0.01,,
11,7,-71.51384942318182,0.0852779946103981,-0.14285714285714285,-0.14285714285714285,0.0,0.0,0.15,0.15,[0. 0. 0. 0. 0.],[0. 0. 0. 0. 0.],0.3,0.3,0.01,0.01,,
12,3,-166.71033326998463,0.043666603317964826,-0.3333333333333333,-0.3333333333333333,0.0,0.0,0.15,0.15,[0. 0. 0. 0. 0.],[0. 0. 0. 0. 0.],0.3,0.3,0.01,0.01,,
13,4,-125.17540362169498,0.03027998575231454,-0.25,-0.25,0.0,0.0,0.15,0.15,[0. 0. 0. 0. 0.],[0. 0. 0. 0. 0.],0.3,0.3,0.01,0.01,,
14,8,-62.67034436093366,0.13062070998673683,-0.125,-0.125,0.0,0.0,0.15,0.15,[0. 0. 0. 0. 0.],[0. 0. 0. 0. 0.],0.3,0.3,0.01,0.01,,
15,4,-0.16379504115052917,-125.21560947747457,-0.25,-0.25,0.0,0.0,0.15,0.15,[0. 0. 0. 0. 0.],[0. 0. 0. 0. 0.],0.3,0.3,0.01,0.01,,
16,4,-0.10407521325907555,-125.24868365528182,-0.25,-0.25,0.0,0.0,0.15,0.15,[0. 0. 0. 0. 0.],[0. 0. 0. 0. 0.],0.3,0.3,0.01,0.01,,
17,14,-35.83060540323122,0.1163196889455009,-0.07142857142857142,-0.07142857142857142,0.0,0.0,0.15,0.15,[0. 0. 0. 0. 0.],[0. 0. 0. 0. 0.],0.3,0.3,0.01,0.01,,
18,10,-50.058058628774674,-50.27988945667736,-0.1,-0.1,0.0,0.0,0.15,0.15,[0. 0. 0. 0. 0.],[0. 0. 0. 0. 0.],0.3,0.3,0.01,0.01,,
19,3,-166.87408207258224,0.20741540591555077,-0.3333333333333333,-0.3333333333333333,0.0,0.0,0.15,0.15,[0. 0. 0. 0. 0.],[0. 0. 0. 0. 0.],0.3,0.3,0.01,0.01,,
20,3,-166.8522246169047,0.18555795023801083,-0.3333333333333333,-0.3333333333333333,0.0,0.0,0.15,0.15,[0. 0. 0. 0. 0.],[0. 0. 0. 0. 0.],0.3,0.3,0.01,0.01,,
21,6,-83.43109155842444,-83.48570663987094,-0.16666666666666666,-0.16666666666666666,0.0,0.0,0.15,0.15,[0. 0. 0. 0. 0.],[0. 0. 0. 0. 0.],0.3,0.3,0.01,0.01,,
22,14,-0.1132623113288568,-35.72326523557666,-0.07142857142857142,-0.07142857142857142,0.0,0.0,0.15,0.15,[0. 0. 0. 0. 0.],[0. 0. 0. 0. 0.],0.3,0.3,0.01,0.01,,
23,4,-0.04667367880119201,-125.2052010717977,-0.25,-0.25,0.0,0.0,0.15,0.15,[0. 0. 0. 0. 0.],[0. 0. 0. 0. 0.],0.3,0.3,0.01,0.01,,
24,13,-0.10537555207817272,-38.437391333844516,-0.07692307692307693,-0.07692307692307693,0.0,0.0,0.15,0.15,[0. 0. 0. 0. 0.],[0. 0. 0. 0. 0.],0.3,0.3,0.01,0.01,,
25,3,-166.72194588356646,0.05527921689981147,-0.3333333333333333,-0.3333333333333333,0.0,0.0,0.15,0.15,[0. 0. 0. 0. 0.],[0. 0. 0. 0. 0.],0.3,0.3,0.01,0.01,,
26,4,-0.16393512377966424,-125.38590047348939,-0.25,-0.25,0.0,0.0,0.15,0.15,[0. 0. 0. 0. 0.],[0. 0. 0. 0. 0.],0.3,0.3,0.01,0.01,,
27,4,-125.07057258218447,0.07057258218446627,-0.25,-0.25,0.0,0.0,0.15,0.15,[0. 0. 0. 0. 0.],[0. 0. 0. 0. 0.],0.3,0.3,0.01,0.01,,
28,6,-83.56130327297188,-83.45825175820839,-0.16666666666666666,-0.16666666666666666,0.0,0.0,0.15,0.15,[0. 0. 0. 0. 0.],[0. 0. 0. 0. 0.],0.3,0.3,0.01,0.01,,
29,4,-125.11232251991315,0.11232251991314965,-0.25,-0.25,0.0,0.0,0.15,0.15,[0. 0. 0. 0. 0.],[0. 0. 0. 0. 0.],0.3,0.3,0.01,0.01,,
30,4,-125.15934505945717,0.15934505945716454,-0.25,-0.25,0.0,0.0,0.15,0.15,[0. 0. 0. 0. 0.],[0. 0. 0. 0. 0.],0.3,0.3,0.01,0.01,,
31,5,-100.11642830433982,0.11642830433982643,-0.2,-0.2,0.0,0.0,0.15,0.15,[0. 0. 0. 0. 0.],[0. 0. 0. 0. 0.],0.3,0.3,0.01,0.01,,
32,7,-0.08296054165288076,-71.49187532186177,-0.14285714285714285,-0.14285714285714285,0.0,0.0,0.15,0.15,[0. 0. 0. 0. 0.],[0. 0. 0. 0. 0.],0.3,0.3,0.01,0.01,,
33,8,62.4607401031791,-125.19200062683548,-0.125,-0.125,1.0,1.0,0.15,0.15,[0. 0. 0. 0. 0.],[0. 0. 0. 0. 0.],0.3,0.3,0.01,0.01,,
34,7,-71.54670688463928,-71.53173760651238,-0.14285714285714285,-0.14285714285714285,0.0,0.0,0.15,0.15,[0. 0. 0. 0. 0.],[0. 0. 0. 0. 0.],0.3,0.3,0.01,0.01,,
35,10,-50.17274836892195,0.0801187195630014,-0.1,-0.1,0.0,0.0,0.15,0.15,[0. 0. 0. 0. 0.],[0. 0. 0. 0. 0.],0.3,0.3,0.01,0.01,,
36,5,-0.09337463714450092,-100.26287068700377,-0.2,-0.2,0.0,0.0,0.15,0.15,[0. 0. 0. 0. 0.],[0. 0. 0. 0. 0.],0.3,0.3,0.01,0.01,,
37,9,-0.1394152024154046,-55.58975040493734,-0.1111111111111111,-0.1111111111111111,0.0,0.0,0.15,0.15,[0. 0. 0. 0. 0.],[0. 0. 0. 0. 0.],0.3,0.3,0.01,0.01,,
38,15,33.24193500239862,-66.61743934363298,3129.6036458333333,1569.543359375,2.0,2.0,0.15,0.15,[0. 0. 0. 0. 0.],[0. 0. 0. 0. 0.],0.3,0.3,0.01,0.01,,
39,1,-0.13344075361491964,-500.8923853708925,7817.9775390625,7856.412109375,0.0,0.0,0.15,0.15,[0. 0. 0. 0. 0.],[0. 0. 0. 0. 0.],0.3,0.3,0.01,0.01,,
40,4,-0.10016783477895978,-125.15485881720086,23455.167236328125,11764.656005859375,0.0,0.0,0.15,0.15,[0. 0. 0. 0. 0.],[0. 0. 0. 0. 0.],0.3,0.3,0.01,0.01,,
41,11,-0.0818498999325615,-45.45480374002656,21304.521573153408,18496.453993176194,1.0,1.0,0.15,0.15,[0. 0. 0. 0. 0.],[0. 0. 0. 0. 0.],0.3,0.3,0.01,0.01,,
42,4,-125.02741559167727,0.027415591677267155,23409.351440429688,17608.783203125,0.0,0.0,0.15,0.15,[0. 0. 0. 0. 0.],[0. 0. 0. 0. 0.],0.3,0.3,0.01,0.01,,
43,17,-0.09623162609951756,-29.41106048874844,23396.40495749081,16525.093319163603,0.0,0.0,0.15,0.15,[0. 0. 0. 0. 0.],[0. 0. 0. 0. 0.],0.3,0.3,0.01,0.01,,
44,8,-62.637647204487656,0.13764720448766002,21408.359178066254,24331.011840820312,0.0,0.0,0.15,0.15,[0. 0. 0. 0. 0.],[0. 0. 0. 0. 0.],0.3,0.3,0.01,0.01,,
45,12,-41.80964898466664,0.14298231799996822,27170.466064453125,23261.17451985677,0.0,0.0,0.15,0.15,[0. 0. 0. 0. 0.],[0. 0. 0. 0. 0.],0.3,0.3,0.01,0.01,,
46,8,-0.09438083883349521,-62.627121227502414,30945.13134765625,10613.904474496841,0.0,0.0,0.15,0.15,[0. 0. 0. 0. 0.],[0. 0. 0. 0. 0.],0.3,0.3,0.01,0.01,,
47,7,-0.14687784252525019,-71.43345665485596,22012.24190848214,17586.160808018274,0.0,0.0,0.15,0.15,[0. 0. 0. 0. 0.],[0. 0. 0. 0. 0.],0.3,0.3,0.01,0.01,,
48,3,-166.77087210217638,0.10420543550971241,22927.705078125,17852.75048828125,0.0,0.0,0.15,0.15,[0. 0. 0. 0. 0.],[0. 0. 0. 0. 0.],0.3,0.3,0.01,0.01,,
49,9,-55.709063038908255,0.15350748335270212,17069.55349392361,21183.931206597223,0.0,0.0,0.15,0.15,[0. 0. 0. 0. 0.],[0. 0. 0. 0. 0.],0.3,0.3,0.01,0.01,,
50,4,-0.17053131142577907,-125.1670026771469,24816.605224609375,17064.184448242188,0.0,0.0,0.15,0.15,[0. 0. 0. 0. 0.],[0. 0. 0. 0. 0.],0.3,0.3,0.01,0.01,,
51,2,-0.13709703366795917,-250.68590257661205,26624.109375,22774.65576171875,0.0,0.0,0.15,0.15,[0. 0. 0. 0. 0.],[0. 0. 0. 0. 0.],0.3,0.3,0.01,0.01,,
52,13,-0.10849272200406691,-38.52386655525193,23422.816470806414,16235.164438100961,0.0,0.0,0.15,0.15,[0. 0. 0. 0. 0.],[0. 0. 0. 0. 0.],0.3,0.3,0.01,0.01,,
53,13,-0.05716205901679851,-38.623083043131096,19401.80528611403,13845.298892681416,0.0,0.0,0.15,0.15,[0. 0. 0. 0. 0.],[0. 0. 0. 0. 0.],0.3,0.3,0.01,0.01,,
54,23,-21.820328116123257,-21.716000719102073,20896.047522503395,18384.674210258152,0.0,0.0,0.15,0.15,[0. 0. 0. 0. 0.],[0. 0. 0. 0. 0.],0.3,0.3,0.01,0.01,,
55,13,-0.05793534214689755,-38.54345798775127,19142.658954326922,17440.492586576023,0.0,0.0,0.15,0.15,[0. 0. 0. 0. 0.],[0. 0. 0. 0. 0.],0.3,0.3,0.01,0.01,,
56,6,-0.17823974041935475,-83.5526173295265,18412.43667602539,10187.97011311849,0.0,0.0,0.15,0.15,[0. 0. 0. 0. 0.],[0. 0. 0. 0. 0.],0.3,0.3,0.01,0.01,,
57,12,-0.08572347445081757,-41.68741953729043,21429.19566853841,19122.726806640625,0.0,0.0,0.15,0.15,[0. 0. 0. 0. 0.],[0. 0. 0. 0. 0.],0.3,0.3,0.01,0.01,,
58,11,-0.10267169413388427,-45.753073440997106,16429.61945134943,18498.40137273615,0.0,0.0,0.15,0.15,[0. 0. 0. 0. 0.],[0. 0. 0. 0. 0.],0.3,0.3,0.01,0.01,,
59,6,-83.49313644973974,0.15248406809878598,19988.973063151043,15853.168863932291,0.0,0.0,0.15,0.15,[0. 0. 0. 0. 0.],[0. 0. 0. 0. 0.],0.3,0.3,0.01,0.01,,
60,2,-250.1892761224009,-250.39237424980928,22271.8037109375,18473.6865234375,0.0,0.0,0.15,0.15,[0. 0. 0. 0. 0.],[0. 0. 0. 0. 0.],0.3,0.3,0.01,0.01,,
61,10,-0.07749696787515739,-50.07821382291484,16773.79091796875,16622.56513671875,0.0,0.0,0.15,0.15,[0. 0. 0. 0. 0.],[0. 0. 0. 0. 0.],0.3,0.3,0.01,0.01,,
62,15,-0.0772254827314858,-33.282756430428655,17196.489029947916,13405.715087890625,1.0,1.0,0.15,0.15,[0. 0. 0. 0. 0.],[0. 0. 0. 0. 0.],0.3,0.3,0.01,0.01,,
63,2,-250.15422891209167,0.15422891209166767,16807.095703125,7033.747314453125,0.0,0.0,0.15,0.15,[0. 0. 0. 0. 0.],[0. 0. 0. 0. 0.],0.3,0.3,0.01,0.01,,
64,7,-71.54589991527752,0.11732848670608345,14406.00732421875,16231.20521763393,0.0,0.0,0.15,0.15,[0. 0. 0. 0. 0.],[0. 0. 0. 0. 0.],0.3,0.3,0.01,0.01,,
65,2,-0.15741582892436773,-250.7289635627038,10784.326904296875,17068.826171875,0.0,0.0,0.15,0.15,[0. 0. 0. 0. 0.],[0. 0. 0. 0. 0.],0.3,0.3,0.01,0.01,,
66,10,-0.11315740304178619,-50.11463894225364,15425.5796875,14795.186114501954,0.0,0.0,0.15,0.15,[0. 0. 0. 0. 0.],[0. 0. 0. 0. 0.],0.3,0.3,0.01,0.01,,
67,6,-0.06315663385860157,-83.48697983626546,22908.476674397785,21862.311442057293,0.0,0.0,0.15,0.15,[0. 0. 0. 0. 0.],[0. 0. 0. 0. 0.],0.3,0.3,0.01,0.01,,
68,11,-45.59057928426478,0.13603382971932546,18551.576083096592,17132.97773881392,0.0,0.0,0.15,0.15,[0. 0. 0. 0. 0.],[0. 0. 0. 0. 0.],0.3,0.3,0.01,0.01,,
69,6,-83.38437029424735,0.05103696091401622,15964.917236328125,12158.891682942709,0.0,0.0,0.15,0.15,[0. 0. 0. 0. 0.],[0. 0. 0. 0. 0.],0.3,0.3,0.01,0.01,,
70,5,-0.1284700746344159,-100.19806227594424,17406.7361328125,18939.5419921875,0.0,0.0,0.15,0.15,[0. 0. 0. 0. 0.],[0. 0. 0. 0. 0.],0.3,0.3,0.01,0.01,,
71,7,-71.65629990315416,-71.43495680001091,23013.632672991072,18911.208984375,0.0,0.0,0.15,0.15,[0. 0. 0. 0. 0.],[0. 0. 0. 0. 0.],0.3,0.3,0.01,0.01,,
72,7,-0.12177876878627845,-71.57186595296729,12232.13344029018,19623.068359375,0.0,0.0,0.15,0.15,[0. 0. 0. 0. 0.],[0. 0. 0. 0. 0.],0.3,0.3,0.01,0.01,,
73,10,-0.11303450074324473,-50.25293819097962,17586.49581298828,18960.03271484375,0.0,0.0,0.15,0.15,[0. 0. 0. 0. 0.],[0. 0. 0. 0. 0.],0.3,0.3,0.01,0.01,,
74,14,-0.08437388457476036,-35.71628294717799,11959.944902692523,15069.879146030971,0.0,0.0,0.15,0.15,[0. 0. 0. 0. 0.],[0. 0. 0. 0. 0.],0.3,0.3,0.01,0.01,,
75,2,-0.023689884521486765,-250.51059227518323,18290.552734375,11497.610107421875,0.0,0.0,0.15,0.15,[0. 0. 0. 0. 0.],[0. 0. 0. 0. 0.],0.3,0.3,0.01,0.01,,
76,8,-0.10015847436289438,-62.57580522182811,15001.54190826416,16400.45051574707,0.0,0.0,0.15,0.15,[0. 0. 0. 0. 0.],[0. 0. 0. 0. 0.],0.3,0.3,0.01,0.01,,
77,4,-125.17034484349857,0.17034484349857612,16476.413818359375,12251.317749023438,0.0,0.0,0.15,0.15,[0. 0. 0. 0. 0.],[0. 0. 0. 0. 0.],0.3,0.3,0.01,0.01,,
78,8,-62.555826537297655,0.055826537297651725,23943.732421875,15333.847045898438,0.0,0.0,0.15,0.15,[0. 0. 0. 0. 0.],[0. 0. 0. 0. 0.],0.3,0.3,0.01,0.01,,
79,3,-0.10989646125516682,-166.90059734412804,19465.7451171875,30678.11328125,0.0,0.0,0.15,0.15,[0. 0. 0. 0. 0.],[0. 0. 0. 0. 0.],0.3,0.3,0.01,0.01,,
80,5,-100.16728047026679,-0.3281702231190886,11790.582421875,11810.5087890625,0.0,0.0,0.15,0.15,[0. 0. 0. 0. 0.],[0. 0. 0. 0. 0.],0.3,0.3,0.01,0.01,,
81,4,-125.14942394978975,0.1494239497897569,20580.677734375,14855.763916015625,0.0,0.0,0.15,0.15,[0. 0. 0. 0. 0.],[0. 0. 0. 0. 0.],0.3,0.3,0.01,0.01,,
82,2,-0.18072828819401585,-250.34861801943103,13206.048828125,17119.3232421875,0.0,0.0,0.15,0.15,[0. 0. 0. 0. 0.],[0. 0. 0. 0. 0.],0.3,0.3,0.01,0.01,,
83,8,-0.06391757048432663,-62.674980268496626,14983.439865112305,20271.245544433594,0.0,0.0,0.15,0.15,[0. 0. 0. 0. 0.],[0. 0. 0. 0. 0.],0.3,0.3,0.01,0.01,,
84,12,-0.15239323214203396,-41.60537863269024,20454.121622721355,21900.893188476562,0.0,0.0,0.15,0.15,[0. 0. 0. 0. 0.],[0. 0. 0. 0. 0.],0.3,0.3,0.01,0.01,,
85,5,-100.13972050832852,0.1397205083285286,22003.616772460937,23261.58994140625,0.0,0.0,0.15,0.15,[0. 0. 0. 0. 0.],[0. 0. 0. 0. 0.],0.3,0.3,0.01,0.01,,
86,7,-0.04904883320859244,-71.52416992661001,11801.001743861607,14721.917061941964,0.0,0.0,0.15,0.15,[0. 0. 0. 0. 0.],[0. 0. 0. 0. 0.],0.3,0.3,0.01,0.01,,
87,11,-45.526849683594385,0.07230422904893621,13674.919744318182,17278.669699928978,0.0,0.0,0.15,0.15,[0. 0. 0. 0. 0.],[0. 0. 0. 0. 0.],0.3,0.3,0.01,0.01,,
88,2,-0.11074060901159599,-250.87272570713006,4369.822952270508,17403.9912109375,0.0,0.0,0.15,0.15,[0. 0. 0. 0. 0.],[0. 0. 0. 0. 0.],0.3,0.3,0.01,0.01,,
89,3,-166.7930999784905,0.126433311823827,27125.329427083332,33360.540364583336,0.0,0.0,0.15,0.15,[0. 0. 0. 0. 0.],[0. 0. 0. 0. 0.],0.3,0.3,0.01,0.01,,
90,1,-0.056923129639053896,-501.5577638763753,24840.72265625,8091.53955078125,0.0,0.0,0.15,0.15,[0. 0. 0. 0. 0.],[0. 0. 0. 0. 0.],0.3,0.3,0.01,0.01,,
91,11,-0.06627070319167677,-45.55116265701468,19730.547424316406,17763.576260653408,0.0,0.0,0.15,0.15,[0. 0. 0. 0. 0.],[0. 0. 0. 0. 0.],0.3,0.3,0.01,0.01,,
92,3,-0.15356939319060295,-166.89663228556068,11859.271423339844,17367.69140625,0.0,0.0,0.15,0.15,[0. 0. 0. 0. 0.],[0. 0. 0. 0. 0.],0.3,0.3,0.01,0.01,,
93,6,-83.48087111385745,-0.007960298254816514,11943.125040690104,18835.020426432293,0.0,0.0,0.15,0.15,[0. 0. 0. 0. 0.],[0. 0. 0. 0. 0.],0.3,0.3,0.01,0.01,,
94,9,-0.15297110725730356,-55.51865702103062,15267.701334635416,17283.346828884547,0.0,0.0,0.15,0.15,[0. 0. 0. 0. 0.],[0. 0. 0. 0. 0.],0.3,0.3,0.01,0.01,,
95,10,-0.13832453242113601,-49.966408374024034,12564.94143371582,13896.628601074219,0.0,0.0,0.15,0.15,[0. 0. 0. 0. 0.],[0. 0. 0. 0. 0.],0.3,0.3,0.01,0.01,,
96,11,-0.10411301266243565,-45.55219538225756,17271.194424715908,18668.724076704544,0.0,0.0,0.15,0.15,[0. 0. 0. 0. 0.],[0. 0. 0. 0. 0.],0.3,0.3,0.01,0.01,,
97,8,-62.611103932576256,0.11110393257626251,14360.15493774414,16760.578247070312,0.0,0.0,0.15,0.15,[0. 0. 0. 0. 0.],[0. 0. 0. 0. 0.],0.3,0.3,0.01,0.01,,
98,10,-0.09527118027831563,-50.17360591132266,14583.792211914062,18942.508630371092,0.0,0.0,0.15,0.15,[0. 0. 0. 0. 0.],[0. 0. 0. 0. 0.],0.3,0.3,0.01,0.01,,
99,12,-0.08272411831965105,-41.58394254834702,12032.873835245768,16390.293192545574,1.0,1.0,0.15,0.15,[0. 0. 0. 0. 0.],[0. 0. 0. 0. 0.],0.3,0.3,0.01,0.01,,
100,6,-0.1553502540836278,-83.3489542380814,20894.40380859375,19472.04248046875,0.0,0.0,0.15,0.15,[0. 0. 0. 0. 0.],[0. 0. 0. 0. 0.],0.3,0.3,0.01,0.01,,
101,5,-100.11435382628545,0.11435382628545458,16793.9337890625,14845.1697265625,0.0,0.0,0.15,0.15,[0. 0. 0. 0. 0.],[0. 0. 0. 0. 0.],0.3,0.3,0.01,0.01,,
102,2,-0.11020129650089674,-250.6204374086967,22297.6376953125,10999.15625,0.0,0.0,0.15,0.15,[0. 0. 0. 0. 0.],[0. 0. 0. 0. 0.],0.3,0.3,0.01,0.01,,
103,10,-0.06349089251658029,-50.037551381878544,22226.47001953125,19320.83359375,1.0,1.0,0.15,0.15,[0. 0. 0. 0. 0.],[0. 0. 0. 0. 0.],0.3,0.3,0.01,0.01,,
104,6,-0.14634495285004856,-83.35916993461359,13472.894856770834,15800.5625,0.0,0.0,0.15,0.15,[0. 0. 0. 0. 0.],[0. 0. 0. 0. 0.],0.3,0.3,0.01,0.01,,
105,1,-0.2136867090449484,-501.01451068002524,22735.21875,15545.3544921875,0.0,0.0,0.15,0.15,[0. 0. 0. 0. 0.],[0. 0. 0. 0. 0.],0.3,0.3,0.01,0.01,,
106,1,-0.1904659215979455,-501.0426325934916,8786.74609375,8159.97412109375,0.0,0.0,0.15,0.15,[0. 0. 0. 0. 0.],[0. 0. 0. 0. 0.],0.3,0.3,0.01,0.01,,
107,2,-0.1311954449681647,-250.3689371245673,18268.27783203125,16286.730224609375,0.0,0.0,0.15,0.15,[0. 0. 0. 0. 0.],[0. 0. 0. 0. 0.],0.3,0.3,0.01,0.01,,
108,5,-100.16481972153379,0.16481972153378346,13733.30625,26254.3408203125,0.0,0.0,0.15,0.15,[0. 0. 0. 0. 0.],[0. 0. 0. 0. 0.],0.3,0.3,0.01,0.01,,
109,6,-83.45201009183582,0.1186767585024779,24294.926513671875,18787.084147135418,0.0,0.0,0.15,0.15,[0. 0. 0. 0. 0.],[0. 0. 0. 0. 0.],0.3,0.3,0.01,0.01,,
110,12,-0.1493694189485458,-41.65837955747647,20968.402465820312,22205.86210123698,0.0,0.0,0.15,0.15,[0. 0. 0. 0. 0.],[0. 0. 0. 0. 0.],0.3,0.3,0.01,0.01,,
111,10,-50.09688067310415,0.09688067310415013,19823.95859375,23390.126171875,0.0,0.0,0.15,0.15,[0. 0. 0. 0. 0.],[0. 0. 0. 0. 0.],0.3,0.3,0.01,0.01,,
112,4,-0.049226095005056536,-125.28859589781877,15438.736572265625,15846.95361328125,0.0,0.0,0.15,0.15,[0. 0. 0. 0. 0.],[0. 0. 0. 0. 0.],0.3,0.3,0.01,0.01,,
113,6,-83.45664987085136,0.12331653751803218,22655.526692708332,14591.677408854166,0.0,0.0,0.15,0.15,[0. 0. 0. 0. 0.],[0. 0. 0. 0. 0.],0.3,0.3,0.01,0.01,,
114,4,-125.12420354250789,0.12420354250788557,17402.555053710938,13819.604736328125,0.0,0.0,0.15,0.15,[0. 0. 0. 0. 0.],[0. 0. 0. 0. 0.],0.3,0.3,0.01,0.01,,
115,5,-100.1388109183272,0.13881091832718423,13827.507250976563,11682.8728515625,0.0,0.0,0.15,0.15,[0. 0. 0. 0. 0.],[0. 0. 0. 0. 0.],0.3,0.3,0.01,0.01,,
116,16,-0.12866952763254802,-31.304157295091652,17739.585479736328,15427.2421875,0.0,0.0,0.15,0.15,[0. 0. 0. 0. 0.],[0. 0. 0. 0. 0.],0.3,0.3,0.01,0.01,,
117,12,-0.13893785392950453,-41.71044293408956,19516.192647298176,14022.39224243164,0.0,0.0,0.15,0.15,[0. 0. 0. 0. 0.],[0. 0. 0. 0. 0.],0.3,0.3,0.01,0.01,,
118,2,-0.047339562317959695,-250.9670099577776,10709.328735351562,18173.9951171875,0.0,0.0,0.15,0.15,[0. 0. 0. 0. 0.],[0. 0. 0. 0. 0.],0.3,0.3,0.01,0.01,,
119,2,-0.11029023374696331,-251.00840168252083,14162.38623046875,7950.216613769531,0.0,0.0,0.15,0.15,[0. 0. 0. 0. 0.],[0. 0. 0. 0. 0.],0.3,0.3,0.01,0.01,,
120,4,-125.15219998465243,0.15219998465242185,15576.423583984375,25630.11572265625,0.0,0.0,0.15,0.15,[0. 0. 0. 0. 0.],[0. 0. 0. 0. 0.],0.3,0.3,0.01,0.01,,
121,3,-0.05188262141022171,-166.95710834034006,18718.179077148438,28183.085286458332,0.0,0.0,0.15,0.15,[0. 0. 0. 0. 0.],[0. 0. 0. 0. 0.],0.3,0.3,0.01,0.01,,
122,8,-62.638481237195634,0.13848123719563282,17130.409545898438,18381.372436523438,0.0,0.0,0.15,0.15,[0. 0. 0. 0. 0.],[0. 0. 0. 0. 0.],0.3,0.3,0.01,0.01,,
123,5,-0.1464154677827329,-100.29481131418824,20273.9287109375,18730.3291015625,0.0,0.0,0.15,0.15,[0. 0. 0. 0. 0.],[0. 0. 0. 0. 0.],0.3,0.3,0.01,0.01,,
124,2,-0.07540935774245393,-250.63508779256554,19585.57421875,29422.7236328125,0.0,0.0,0.15,0.15,[0. 0. 0. 0. 0.],[0. 0. 0. 0. 0.],0.3,0.3,0.01,0.01,,
125,5,-100.05278137891906,0.052781378919065425,14440.1890625,15396.4197265625,0.0,0.0,0.15,0.15,[0. 0. 0. 0. 0.],[0. 0. 0. 0. 0.],0.3,0.3,0.01,0.01,,
126,9,-55.6452835241007,0.08972796854514213,26615.60275607639,22946.519856770832,0.0,0.0,0.15,0.15,[0. 0. 0. 0. 0.],[0. 0. 0. 0. 0.],0.3,0.3,0.01,0.01,,
127,3,-0.10298752563700082,-167.24110171877217,7787.882914225261,22368.930338541668,0.0,0.0,0.15,0.15,[0. 0. 0. 0. 0.],[0. 0. 0. 0. 0.],0.3,0.3,0.01,0.01,,
128,4,-0.06897399657673112,-125.35068267292091,19997.041870117188,17777.142822265625,0.0,0.0,0.15,0.15,[0. 0. 0. 0. 0.],[0. 0. 0. 0. 0.],0.3,0.3,0.01,0.01,,
129,1,-0.028746184411142822,-501.10027323106465,28199.17578125,20440.474609375,0.0,0.0,0.15,0.15,[0. 0. 0. 0. 0.],[0. 0. 0. 0. 0.],0.3,0.3,0.01,0.01,,
130,8,-62.6423022720615,0.1423022720614968,11779.915657043457,16802.618774414062,0.0,0.0,0.15,0.15,[0. 0. 0. 0. 0.],[0. 0. 0. 0. 0.],0.3,0.3,0.01,0.01,,
131,7,-0.10964153088788457,-71.66962171293804,11414.880318777901,13876.46742466518,0.0,0.0,0.15,0.15,[0. 0. 0. 0. 0.],[0. 0. 0. 0. 0.],0.3,0.3,0.01,0.01,,
132,4,-0.13522715841572938,-125.24695149515574,20810.05615234375,14170.65673828125,0.0,0.0,0.15,0.15,[0. 0. 0. 0. 0.],[0. 0. 0. 0. 0.],0.3,0.3,0.01,0.01,,
133,1,-500.02717893218295,-0.7015254574984591,12220.6953125,13778.59375,0.0,0.0,0.15,0.15,[0. 0. 0. 0. 0.],[0. 0. 0. 0. 0.],0.3,0.3,0.01,0.01,,
134,5,-100.11731851735364,0.1173185173536387,17264.590856933595,15618.44609375,0.0,0.0,0.15,0.15,[0. 0. 0. 0. 0.],[0. 0. 0. 0. 0.],0.3,0.3,0.01,0.01,,
135,12,-41.77638424607382,0.10971757940714866,17125.093383789062,18292.196329752605,0.0,0.0,0.15,0.15,[0. 0. 0. 0. 0.],[0. 0. 0. 0. 0.],0.3,0.3,0.01,0.01,,
136,3,-166.8172312034737,0.15056453680704152,24255.11328125,16378.2919921875,0.0,0.0,0.15,0.15,[0. 0. 0. 0. 0.],[0. 0. 0. 0. 0.],0.3,0.3,0.01,0.01,,
137,5,-0.19270588304941355,-100.18998354342799,25476.337890625,21663.9087890625,0.0,0.0,0.15,0.15,[0. 0. 0. 0. 0.],[0. 0. 0. 0. 0.],0.3,0.3,0.01,0.01,,
138,6,-83.50661967639367,0.0024810495395721035,16443.964884440105,19441.7861328125,0.0,0.0,0.15,0.15,[0. 0. 0. 0. 0.],[0. 0. 0. 0. 0.],0.3,0.3,0.01,0.01,,
139,3,-166.79034000260273,0.12367333593608922,9840.767496744791,18679.226888020832,0.0,0.0,0.15,0.15,[0. 0. 0. 0. 0.],[0. 0. 0. 0. 0.],0.3,0.3,0.01,0.01,,
140,1,-0.10410957725436719,-501.02488720272225,26042.328125,9750.9296875,0.0,0.0,0.15,0.15,[0. 0. 0. 0. 0.],[0. 0. 0. 0. 0.],0.3,0.3,0.01,0.01,,
141,1,-0.11142687849136407,-500.93238217013305,1657.273681640625,13698.89453125,0.0,0.0,0.15,0.15,[0. 0. 0. 0. 0.],[0. 0. 0. 0. 0.],0.3,0.3,0.01,0.01,,
142,10,-0.05794518453559082,-50.07005865607887,13923.598461914062,15432.080126953126,0.0,0.0,0.15,0.15,[0. 0. 0. 0. 0.],[0. 0. 0. 0. 0.],0.3,0.3,0.01,0.01,,
143,3,-0.10435313975867982,-166.90167625793057,24178.586263020832,10085.4619140625,0.0,0.0,0.15,0.15,[0. 0. 0. 0. 0.],[0. 0. 0. 0. 0.],0.3,0.3,0.01,0.01,,
144,1,-500.0499234475088,0.049923447508748706,32225.23828125,27641.2578125,0.0,0.0,0.15,0.15,[0. 0. 0. 0. 0.],[0. 0. 0. 0. 0.],0.3,0.3,0.01,0.01,,
145,3,-166.80563763482135,0.13897096815468024,25314.178385416668,20583.78515625,0.0,0.0,0.15,0.15,[0. 0. 0. 0. 0.],[0. 0. 0. 0. 0.],0.3,0.3,0.01,0.01,,
146,5,-0.13955295618410815,-100.12086418431144,11339.6578125,20707.4251953125,0.0,0.0,0.15,0.15,[0. 0. 0. 0. 0.],[0. 0. 0. 0. 0.],0.3,0.3,0.01,0.01,,
147,9,-0.058475442430352506,-55.63821789221848,17647.551595052082,22343.82693142361,0.0,0.0,0.15,0.15,[0. 0. 0. 0. 0.],[0. 0. 0. 0. 0.],0.3,0.3,0.01,0.01,,
148,12,-41.77460470015904,0.10793803349237419,14630.31357828776,16968.94942220052,0.0,0.0,0.15,0.15,[0. 0. 0. 0. 0.],[0. 0. 0. 0. 0.],0.3,0.3,0.01,0.01,,
149,4,-125.11318689644865,-0.0993386308474033,17678.396240234375,21835.59033203125,0.0,0.0,0.15,0.15,[0. 0. 0. 0. 0.],[0. 0. 0. 0. 0.],0.3,0.3,0.01,0.01,,
150,9,-0.040687243362333425,-55.709866509380056,21210.806966145832,19992.740125868055,0.0,0.0,0.15,0.15,[0. 0. 0. 0. 0.],[0. 0. 0. 0. 0.],0.3,0.3,0.01,0.01,,
151,10,-0.08172959778254596,-50.057855974365,18754.36005859375,14830.401513671875,0.0,0.0,0.15,0.15,[0. 0. 0. 0. 0.],[0. 0. 0. 0. 0.],0.3,0.3,0.01,0.01,,
152,3,-166.75649148837593,0.0898248217092737,24569.019694010418,11803.115885416666,0.0,0.0,0.15,0.15,[0. 0. 0. 0. 0.],[0. 0. 0. 0. 0.],0.3,0.3,0.01,0.01,,
153,2,-0.20479601439416917,-250.7197160482353,14236.05126953125,13957.548828125,0.0,0.0,0.15,0.15,[0. 0. 0. 0. 0.],[0. 0. 0. 0. 0.],0.3,0.3,0.01,0.01,,
154,7,-0.04425432292376635,-71.61625995619434,20379.946428571428,19627.68212890625,0.0,0.0,0.15,0.15,[0. 0. 0. 0. 0.],[0. 0. 0. 0. 0.],0.3,0.3,0.01,0.01,,
155,6,-0.02143529820865904,-83.90224259402257,10400.80908203125,13897.057739257812,0.0,0.0,0.15,0.15,[0. 0. 0. 0. 0.],[0. 0. 0. 0. 0.],0.3,0.3,0.01,0.01,,
156,16,-0.10736504343944638,-31.220512610818332,16705.300037384033,18625.201446533203,0.0,0.0,0.15,0.15,[0. 0. 0. 0. 0.],[0. 0. 0. 0. 0.],0.3,0.3,0.01,0.01,,
157,4,-125.14830352391812,0.1483035239181192,19261.021118164062,21930.99658203125,0.0,0.0,0.15,0.15,[0. 0. 0. 0. 0.],[0. 0. 0. 0. 0.],0.3,0.3,0.01,0.01,,
158,10,-0.14874476055201533,-50.08309833032682,15247.6439453125,19579.9595703125,0.0,0.0,0.15,0.15,[0. 0. 0. 0. 0.],[0. 0. 0. 0. 0.],0.3,0.3,0.01,0.01,,
159,7,-0.12340959319280471,-71.58886727161186,13860.018833705357,31778.6689453125,0.0,0.0,0.15,0.15,[0. 0. 0. 0. 0.],[0. 0. 0. 0. 0.],0.3,0.3,0.01,0.01,,
160,4,-125.21213621265643,0.21213621265642474,22228.33837890625,16372.576416015625,0.0,0.0,0.15,0.15,[0. 0. 0. 0. 0.],[0. 0. 0. 0. 0.],0.3,0.3,0.01,0.01,,
161,5,-0.13391722006079984,-100.32035166843671,12108.112109375,10326.32294921875,0.0,0.0,0.15,0.15,[0. 0. 0. 0. 0.],[0. 0. 0. 0. 0.],0.3,0.3,0.01,0.01,,
162,17,29.364746123016978,-58.77651082889933,18970.08437571806,19645.794447954962,2.0,2.0,0.15,0.15,[0. 0. 0. 0. 0.],[0. 0. 0. 0. 0.],0.3,0.3,0.01,0.01,,
163,7,-71.5356030398898,0.10703161131838115,13534.448067801339,17474.94070870536,0.0,0.0,0.15,0.15,[0. 0. 0. 0. 0.],[0. 0. 0. 0. 0.],0.3,0.3,0.01,0.01,,
164,11,-0.07981698771696967,-45.75596365588414,19564.43018687855,21808.91619318182,0.0,0.0,0.15,0.15,[0. 0. 0. 0. 0.],[0. 0. 0. 0. 0.],0.3,0.3,0.01,0.01,,
165,12,-41.735780469865894,0.06911380319922182,13093.113942464193,18009.59159342448,0.0,0.0,0.15,0.15,[0. 0. 0. 0. 0.],[0. 0. 0. 0. 0.],0.3,0.3,0.01,0.01,,
166,9,-55.74035617100604,0.07622462749593911,15940.117757161459,16905.540093315973,0.0,0.0,0.15,0.15,[0. 0. 0. 0. 0.],[0. 0. 0. 0. 0.],0.3,0.3,0.01,0.01,,
167,13,-0.14318114299633583,-38.545555514468205,16730.725989708535,19222.04210486779,0.0,0.0,0.15,0.15,[0. 0. 0. 0. 0.],[0. 0. 0. 0. 0.],0.3,0.3,0.01,0.01,,
168,9,-55.67018068971318,0.11462513415762582,13996.014105902777,20197.566731770832,0.0,0.0,0.15,0.15,[0. 0. 0. 0. 0.],[0. 0. 0. 0. 0.],0.3,0.3,0.01,0.01,,
169,2,-250.17579521697846,0.13904151525526076,21505.693359375,20412.18994140625,0.0,0.0,0.15,0.15,[0. 0. 0. 0. 0.],[0. 0. 0. 0. 0.],0.3,0.3,0.01,0.01,,
170,9,-55.63618682582816,0.08063127027260657,19112.822211371527,21249.139973958332,0.0,0.0,0.15,0.15,[0. 0. 0. 0. 0.],[0. 0. 0. 0. 0.],0.3,0.3,0.01,0.01,,
171,13,-38.55730872885123,0.09577026731276746,20011.453575721152,16089.184420072115,0.0,0.0,0.15,0.15,[0. 0. 0. 0. 0.],[0. 0. 0. 0. 0.],0.3,0.3,0.01,0.01,,
172,6,-83.37068708612239,0.037353752789059454,15101.538818359375,24869.807291666668,0.0,0.0,0.15,0.15,[0. 0. 0. 0. 0.],[0. 0. 0. 0. 0.],0.3,0.3,0.01,0.01,,
173,3,-166.73518742667935,0.06852076001269097,11081.549153645834,30985.345703125,0.0,0.0,0.15,0.15,[0. 0. 0. 0. 0.],[0. 0. 0. 0. 0.],0.3,0.3,0.01,0.01,,
174,5,-100.02612870032473,0.02612870032473073,25895.6236328125,27303.025390625,0.0,0.0,0.15,0.15,[0. 0. 0. 0. 0.],[0. 0. 0. 0. 0.],0.3,0.3,0.01,0.01,,
175,10,-50.06201007226711,0.062010072267109195,21378.072314453126,18639.25390625,0.0,0.0,0.15,0.15,[0. 0. 0. 0. 0.],[0. 0. 0. 0. 0.],0.3,0.3,0.01,0.01,,
176,9,-0.1004696371217364,-55.63229175682765,17018.174492730035,17816.4423828125,0.0,0.0,0.15,0.15,[0. 0. 0. 0. 0.],[0. 0. 0. 0. 0.],0.3,0.3,0.01,0.01,,
177,2,-250.19053889788043,-0.47680546748672853,22172.3271484375,23458.423828125,0.0,0.0,0.15,0.15,[0. 0. 0. 0. 0.],[0. 0. 0. 0. 0.],0.3,0.3,0.01,0.01,,
178,11,-0.15779085399927623,-45.48130154378448,17707.568758877842,21954.85469193892,0.0,0.0,0.15,0.15,[0. 0. 0. 0. 0.],[0. 0. 0. 0. 0.],0.3,0.3,0.01,0.01,,
179,5,-100.19271038572639,0.19271038572638183,14127.4205078125,12151.295703125,0.0,0.0,0.15,0.15,[0. 0. 0. 0. 0.],[0. 0. 0. 0. 0.],0.3,0.3,0.01,0.01,,
180,3,-166.70062181423896,0.0339551475722859,23983.076171875,23694.932942708332,0.0,0.0,0.15,0.15,[0. 0. 0. 0. 0.],[0. 0. 0. 0. 0.],0.3,0.3,0.01,0.01,,
181,8,-0.0834551007837363,-62.68574407381363,15149.299499511719,20273.4453125,0.0,0.0,0.15,0.15,[0. 0. 0. 0. 0.],[0. 0. 0. 0. 0.],0.3,0.3,0.01,0.01,,
182,2,-0.15408011408990213,-250.83933192244103,8908.755859375,17120.4775390625,0.0,0.0,0.15,0.15,[0. 0. 0. 0. 0.],[0. 0. 0. 0. 0.],0.3,0.3,0.01,0.01,,
183,9,-0.09799099784514427,-55.71021666121127,16482.541124131945,19527.775933159723,0.0,0.0,0.15,0.15,[0. 0. 0. 0. 0.],[0. 0. 0. 0. 0.],0.3,0.3,0.01,0.01,,
184,14,-35.812287273446195,0.05992872641868075,17553.60495867048,17307.289655412947,0.0,0.0,0.15,0.15,[0. 0. 0. 0. 0.],[0. 0. 0. 0. 0.],0.3,0.3,0.01,0.01,,
185,8,-0.09012080268744391,-62.77438057039942,17649.830947875977,11982.701690673828,0.0,0.0,0.15,0.15,[0. 0. 0. 0. 0.],[0. 0. 0. 0. 0.],0.3,0.3,0.01,0.01,,
186,3,-166.79654880003713,0.12988213337047652,18790.183919270832,25841.629557291668,0.0,0.0,0.15,0.15,[0. 0. 0. 0. 0.],[0. 0. 0. 0. 0.],0.3,0.3,0.01,0.01,,
187,1,-0.09395020239041578,-500.91028184174985,23477.767578125,20709.6328125,0.0,0.0,0.15,0.15,[0. 0. 0. 0. 0.],[0. 0. 0. 0. 0.],0.3,0.3,0.01,0.01,,
188,3,-166.85199772239247,0.18533105572579042,10361.635091145834,22397.3935546875,0.0,0.0,0.15,0.15,[0. 0. 0. 0. 0.],[0. 0. 0. 0. 0.],0.3,0.3,0.01,0.01,,
189,3,-166.69669438499758,0.030027718330920123,19539.067545572918,16178.774047851562,0.0,0.0,0.15,0.15,[0. 0. 0. 0. 0.],[0. 0. 0. 0. 0.],0.3,0.3,0.01,0.01,,
190,16,-31.32544993412762,-0.009057683386960856,18149.15216064453,19994.983764648438,0.0,0.0,0.15,0.15,[0. 0. 0. 0. 0.],[0. 0. 0. 0. 0.],0.3,0.3,0.01,0.01,,
191,7,-71.48046630322672,0.051894874655294944,23647.63534109933,19891.479910714286,0.0,0.0,0.15,0.15,[0. 0. 0. 0. 0.],[0. 0. 0. 0. 0.],0.3,0.3,0.01,0.01,,
192,18,-27.867472367092326,0.08969458931454508,20800.036024305555,18188.424614800348,0.0,0.0,0.15,0.15,[0. 0. 0. 0. 0.],[0. 0. 0. 0. 0.],0.3,0.3,0.01,0.01,,
193,8,-0.08772341777165134,-62.638594342169945,19111.12289428711,15733.62451171875,0.0,0.0,0.15,0.15,[0. 0. 0. 0. 0.],[0. 0. 0. 0. 0.],0.3,0.3,0.01,0.01,,
194,7,-71.46508665978034,0.03651523120890421,16662.304129464286,10563.200456891742,0.0,0.0,0.15,0.15,[0. 0. 0. 0. 0.],[0. 0. 0. 0. 0.],0.3,0.3,0.01,0.01,,
195,14,-0.04471155434990609,-35.81374878149007,20515.84788295201,19027.56440952846,0.0,0.0,0.15,0.15,[0. 0. 0. 0. 0.],[0. 0. 0. 0. 0.],0.3,0.3,0.01,0.01,,
196,5,-0.1647993533802617,-100.21204804165157,22091.073828125,11754.54033203125,0.0,0.0,0.15,0.15,[0. 0. 0. 0. 0.],[0. 0. 0. 0. 0.],0.3,0.3,0.01,0.01,,
197,16,-0.0565379550479315,-31.256048324126485,18047.021240234375,19309.73065185547,0.0,0.0,0.15,0.15,[0. 0. 0. 0. 0.],[0. 0. 0. 0. 0.],0.3,0.3,0.01,0.01,,
198,1,-0.0746214890682226,-501.08342704845035,2383.37451171875,18822.798828125,0.0,0.0,0.15,0.15,[0. 0. 0. 0. 0.],[0. 0. 0. 0. 0.],0.3,0.3,0.01,0.01,,
199,13,-0.059788957535401775,-38.598104544157806,18404.842679537258,15665.436974158654,0.0,0.0,0.15,0.15,[0. 0. 0. 0. 0.],[0. 0. 0. 0. 0.],0.3,0.3,0.01,0.01,,
200,1,-500.15674992464176,0.1567499246417473,14587.1396484375,2104.6787109375,0.0,0.0,0.15,0.15,[0. 0. 0. 0. 0.],[0. 0. 0. 0. 0.],0.3,0.3,0.01,0.01,,
201,2,-250.17440962188692,0.17440962188690545,14443.5,15532.70361328125,0.0,0.0,0.15,0.15,[0. 0. 0. 0. 0.],[0. 0. 0. 0. 0.],0.3,0.3,0.01,0.01,,
202,7,-0.09754949206097566,-71.73277176842271,16127.338309151786,16464.85498046875,0.0,0.0,0.15,0.15,[0. 0. 0. 0. 0.],[0. 0. 0. 0. 0.],0.3,0.3,0.01,0.01,,
203,6,-0.162305882882768,-83.59166054913202,20616.63330078125,19046.02197265625,0.0,0.0,0.15,0.15,[0. 0. 0. 0. 0.],[0. 0. 0. 0. 0.],0.3,0.3,0.01,0.01,,
204,3,-0.10453595688634032,-167.1213374022779,12111.488606770834,21793.306315104168,0.0,0.0,0.15,0.15,[0. 0. 0. 0. 0.],[0. 0. 0. 0. 0.],0.3,0.3,0.01,0.01,,
205,8,-62.623300089030536,0.12330008903053843,13545.688201904297,20947.950897216797,0.0,0.0,0.15,0.15,[0. 0. 0. 0. 0.],[0. 0. 0. 0. 0.],0.3,0.3,0.01,0.01,,
206,5,-0.17900347003647762,-100.13358166944998,26356.577734375,13284.3822265625,0.0,0.0,0.15,0.15,[0. 0. 0. 0. 0.],[0. 0. 0. 0. 0.],0.3,0.3,0.01,0.01,,
207,2,-250.09423246230782,0.0942324623078154,12198.31591796875,14409.2412109375,0.0,0.0,0.15,0.15,[0. 0. 0. 0. 0.],[0. 0. 0. 0. 0.],0.3,0.3,0.01,0.01,,
208,6,-0.14920056582127017,-83.64770283201771,16484.307454427082,23781.251790364582,0.0,0.0,0.15,0.15,[0. 0. 0. 0. 0.],[0. 0. 0. 0. 0.],0.3,0.3,0.01,0.01,,
209,17,-0.049669312540229375,-29.42918054953282,14757.123140222886,15651.697366153492,0.0,0.0,0.15,0.15,[0. 0. 0. 0. 0.],[0. 0. 0. 0. 0.],0.3,0.3,0.01,0.01,,
210,13,-0.0994775587409244,-38.87096799619614,14879.428692157451,20259.5634765625,0.0,0.0,0.15,0.15,[0. 0. 0. 0. 0.],[0. 0. 0. 0. 0.],0.3,0.3,0.01,0.01,,
211,3,-166.79367770087,0.12701103420332702,19319.572265625,19331.691731770832,0.0,0.0,0.15,0.15,[0. 0. 0. 0. 0.],[0. 0. 0. 0. 0.],0.3,0.3,0.01,0.01,,
212,1,-500.0612431744076,0.06124317440761731,2257.3857421875,12382.265625,0.0,0.0,0.15,0.15,[0. 0. 0. 0. 0.],[0. 0. 0. 0. 0.],0.3,0.3,0.01,0.01,,
213,15,-33.39456540881786,0.06123207548453024,14594.370377604168,15446.755338541667,0.0,0.0,0.15,0.15,[0. 0. 0. 0. 0.],[0. 0. 0. 0. 0.],0.3,0.3,0.01,0.01,,
214,8,-0.06036578916114282,-62.69388870804551,14683.110168457031,16590.961669921875,0.0,0.0,0.15,0.15,[0. 0. 0. 0. 0.],[0. 0. 0. 0. 0.],0.3,0.3,0.01,0.01,,
215,5,-100.08428383663177,0.08428383663176911,23130.3873046875,13969.63525390625,0.0,0.0,0.15,0.15,[0. 0. 0. 0. 0.],[0. 0. 0. 0. 0.],0.3,0.3,0.01,0.01,,
216,3,-0.21707853263262386,-167.2326173532346,16407.114908854168,20485.598958333332,0.0,0.0,0.15,0.15,[0. 0. 0. 0. 0.],[0. 0. 0. 0. 0.],0.3,0.3,0.01,0.01,,
217,9,-0.11373932833708261,-55.58950257205898,20482.779188368055,22429.61355251736,0.0,0.0,0.15,0.15,[0. 0. 0. 0. 0.],[0. 0. 0. 0. 0.],0.3,0.3,0.01,0.01,,
218,7,-71.53916727663803,-0.22204813670023643,15774.44398716518,14881.009835379464,0.0,0.0,0.15,0.15,[0. 0. 0. 0. 0.],[0. 0. 0. 0. 0.],0.3,0.3,0.01,0.01,,
219,15,-0.05775283742149473,-33.385229865366504,16066.336311848958,14398.314827473958,0.0,0.0,0.15,0.15,[0. 0. 0. 0. 0.],[0. 0. 0. 0. 0.],0.3,0.3,0.01,0.01,,
220,7,-71.51576561099782,0.08719418242639308,14498.840523856026,13331.658761160714,0.0,0.0,0.15,0.15,[0. 0. 0. 0. 0.],[0. 0. 0. 0. 0.],0.3,0.3,0.01,0.01,,
221,6,-0.10274990005858987,-83.6890997518346,20538.238199869793,19779.72607421875,0.0,0.0,0.15,0.15,[0. 0. 0. 0. 0.],[0. 0. 0. 0. 0.],0.3,0.3,0.01,0.01,,
222,4,-125.15499169687925,0.15499169687925202,16649.909545898438,27775.45458984375,0.0,0.0,0.15,0.15,[0. 0. 0. 0. 0.],[0. 0. 0. 0. 0.],0.3,0.3,0.01,0.01,,
223,1,-500.2026030590371,0.2026030590370787,25612.578125,25353.2109375,0.0,0.0,0.15,0.15,[0. 0. 0. 0. 0.],[0. 0. 0. 0. 0.],0.3,0.3,0.01,0.01,,
224,8,-62.5676911578764,0.03722639753912097,23506.023681640625,15433.190643310547,0.0,0.0,0.15,0.15,[0. 0. 0. 0. 0.],[0. 0. 0. 0. 0.],0.3,0.3,0.01,0.01,,
225,11,-45.586829070297405,0.04076312235365675,19152.83837890625,17142.104336825283,0.0,0.0,0.15,0.15,[0. 0. 0. 0. 0.],[0. 0. 0. 0. 0.],0.3,0.3,0.01,0.01,,
226,5,-100.05891315281112,0.05891315281111866,13746.43984375,17305.7552734375,0.0,0.0,0.15,0.15,[0. 0. 0. 0. 0.],[0. 0. 0. 0. 0.],0.3,0.3,0.01,0.01,,
227,4,-125.12399016889964,0.12399016889963477,15368.55517578125,16942.09619140625,0.0,0.0,0.15,0.15,[0. 0. 0. 0. 0.],[0. 0. 0. 0. 0.],0.3,0.3,0.01,0.01,,
228,11,-45.50351730302042,-45.58127799305584,16735.78857421875,17201.675359552555,0.0,0.0,0.15,0.15,[0. 0. 0. 0. 0.],[0. 0. 0. 0. 0.],0.3,0.3,0.01,0.01,,
229,11,-45.54639757077128,0.09185211622583077,20071.37224786932,20823.611328125,0.0,0.0,0.15,0.15,[0. 0. 0. 0. 0.],[0. 0. 0. 0. 0.],0.3,0.3,0.01,0.01,,
230,8,-0.16250427172685555,-62.830506931182704,15058.151611328125,17531.40087890625,0.0,0.0,0.15,0.15,[0. 0. 0. 0. 0.],[0. 0. 0. 0. 0.],0.3,0.3,0.01,0.01,,
231,7,-0.1090030799350391,-71.58712276565343,16108.462332589286,16699.53125,0.0,0.0,0.15,0.15,[0. 0. 0. 0. 0.],[0. 0. 0. 0. 0.],0.3,0.3,0.01,0.01,,
232,7,-0.09965364441492595,-71.80273841887804,26526.797712053572,13755.204171316964,0.0,0.0,0.15,0.15,[0. 0. 0. 0. 0.],[0. 0. 0. 0. 0.],0.3,0.3,0.01,0.01,,
233,17,-29.47938703210849,0.06762232622613602,19146.65510110294,15157.99032054228,0.0,0.0,0.15,0.15,[0. 0. 0. 0. 0.],[0. 0. 0. 0. 0.],0.3,0.3,0.01,0.01,,
234,11,-45.55357442580433,0.09902897125887246,17096.068803267044,13516.95254794034,0.0,0.0,0.15,0.15,[0. 0. 0. 0. 0.],[0. 0. 0. 0. 0.],0.3,0.3,0.01,0.01,,
235,2,-0.09609385122534025,-250.91965207259784,13286.34814453125,14826.81103515625,0.0,0.0,0.15,0.15,[0. 0. 0. 0. 0.],[0. 0. 0. 0. 0.],0.3,0.3,0.01,0.01,,
236,6,-83.42044117884792,0.08710784551458188,19778.734944661457,13721.547729492188,0.0,0.0,0.15,0.15,[0. 0. 0. 0. 0.],[0. 0. 0. 0. 0.],0.3,0.3,0.01,0.01,,
237,5,-100.03286179445321,0.032861794453213244,14251.4498046875,21081.5462890625,0.0,0.0,0.15,0.15,[0. 0. 0. 0. 0.],[0. 0. 0. 0. 0.],0.3,0.3,0.01,0.01,,
238,4,-0.12509010017143096,-125.64493552977883,21903.25048828125,22386.83544921875,0.0,0.0,0.15,0.15,[0. 0. 0. 0. 0.],[0. 0. 0. 0. 0.],0.3,0.3,0.01,0.01,,
239,12,-41.75101184379471,-41.699427078747256,19854.996663411457,15413.310872395834,0.0,0.0,0.15,0.15,[0. 0. 0. 0. 0.],[0. 0. 0. 0. 0.],0.3,0.3,0.01,0.01,,
240,5,-100.1072165993235,0.10721659932350036,16811.6947265625,16675.4650390625,0.0,0.0,0.15,0.15,[0. 0. 0. 0. 0.],[0. 0. 0. 0. 0.],0.3,0.3,0.01,0.01,,
241,19,-26.401357538244365,0.029231395208789368,20434.998406661183,19435.832236842107,0.0,0.0,0.15,0.15,[0. 0. 0. 0. 0.],[0. 0. 0. 0. 0.],0.3,0.3,0.01,0.01,,
242,4,-0.09065174838877316,-125.31294332331132,15682.686157226562,10252.392944335938,0.0,0.0,0.15,0.15,[0. 0. 0. 0. 0.],[0. 0. 0. 0. 0.],0.3,0.3,0.01,0.01,,
243,8,-62.601799297324085,0.10179929732408394,16919.90380859375,21807.73779296875,0.0,0.0,0.15,0.15,[0. 0. 0. 0. 0.],[0. 0. 0. 0. 0.],0.3,0.3,0.01,0.01,,
244,10,-0.13067567658852025,-50.051306972713704,19508.438037109376,21244.590673828126,0.0,0.0,0.15,0.15,[0. 0. 0. 0. 0.],[0. 0. 0. 0. 0.],0.3,0.3,0.01,0.01,,
245,3,-166.6985704356279,-0.22369456875210272,17231.244303385418,24513.912760416668,0.0,0.0,0.15,0.15,[0. 0. 0. 0. 0.],[0. 0. 0. 0. 0.],0.3,0.3,0.01,0.01,,
246,9,-0.09701393251154826,-55.74830502535886,24751.29031032986,18632.33322482639,0.0,0.0,0.15,0.15,[0. 0. 0. 0. 0.],[0. 0. 0. 0. 0.],0.3,0.3,0.01,0.01,,
247,6,-83.41563254175409,0.0822992084207546,19692.369791666668,18314.3369140625,0.0,0.0,0.15,0.15,[0. 0. 0. 0. 0.],[0. 0. 0. 0. 0.],0.3,0.3,0.01,0.01,,
248,9,-55.6340180326775,0.0784624771219426,25531.284613715277,20250.268608940973,0.0,0.0,0.15,0.15,[0. 0. 0. 0. 0.],[0. 0. 0. 0. 0.],0.3,0.3,0.01,0.01,,
249,1,-500.0952488540345,0.09524885403447679,4677.31640625,33133.953125,0.0,0.0,0.15,0.15,[0. 0. 0. 0. 0.],[0. 0. 0. 0. 0.],0.3,0.3,0.01,0.01,,
250,8,-0.1468855342171122,-62.56249078360164,15075.695861816406,17234.722900390625,0.0,0.0,0.15,0.15,[0. 0. 0. 0. 0.],[0. 0. 0. 0. 0.],0.3,0.3,0.01,0.01,,
251,13,-38.57419670696044,0.1126582454219781,16124.599477914664,15055.78096829928,0.0,0.0,0.15,0.15,[0. 0. 0. 0. 0.],[0. 0. 0. 0. 0.],0.3,0.3,0.01,0.01,,
252,3,-0.18775763815700933,-167.13153466265354,9992.89306640625,22117.455078125,0.0,0.0,0.15,0.15,[0. 0. 0. 0. 0.],[0. 0. 0. 0. 0.],0.3,0.3,0.01,0.01,,
253,1,-500.13696337897295,0.13696337897293293,19096.76953125,14518.8701171875,0.0,0.0,0.15,0.15,[0. 0. 0. 0. 0.],[0. 0. 0. 0. 0.],0.3,0.3,0.01,0.01,,
254,7,-0.07385492583339241,-71.8715349888794,10500.639613560268,9267.645542689732,0.0,0.0,0.15,0.15,[0. 0. 0. 0. 0.],[0. 0. 0. 0. 0.],0.3,0.3,0.01,0.01,,
255,5,-100.13860838191292,0.13860838191291222,24091.9703125,22907.62421875,0.0,0.0,0.15,0.15,[0. 0. 0. 0. 0.],[0. 0. 0. 0. 0.],0.3,0.3,0.01,0.01,,
256,1,-500.1279857185197,0.12798571851969104,24064.037109375,33642.32421875,0.0,0.0,0.15,0.15,[0. 0. 0. 0. 0.],[0. 0. 0. 0. 0.],0.3,0.3,0.01,0.01,,
257,6,-0.188209057510334,-83.46955232671829,15735.677571614584,25675.619466145832,0.0,0.0,0.15,0.15,[0. 0. 0. 0. 0.],[0. 0. 0. 0. 0.],0.3,0.3,0.01,0.01,,
258,6,-83.47510377208303,0.1417704387497009,13023.253743489584,19855.733723958332,0.0,0.0,0.15,0.15,[0. 0. 0. 0. 0.],[0. 0. 0. 0. 0.],0.3,0.3,0.01,0.01,,
259,7,-71.57484301788443,0.1462715893130064,21538.2587890625,25668.104073660714,0.0,0.0,0.15,0.15,[0. 0. 0. 0. 0.],[0. 0. 0. 0. 0.],0.3,0.3,0.01,0.01,,
260,19,-0.11193438656362024,-26.40523827480908,21508.534308182567,17257.905967310857,0.0,0.0,0.15,0.15,[0. 0. 0. 0. 0.],[0. 0. 0. 0. 0.],0.3,0.3,0.01,0.01,,
261,14,-35.81501460785633,-0.0913407245374589,16189.559326171875,20607.10616629464,0.0,0.0,0.15,0.15,[0. 0. 0. 0. 0.],[0. 0. 0. 0. 0.],0.3,0.3,0.01,0.01,,
262,4,-125.11138469922933,0.10490931867898945,14032.95751953125,14376.486083984375,0.0,0.0,0.15,0.15,[0. 0. 0. 0. 0.],[0. 0. 0. 0. 0.],0.3,0.3,0.01,0.01,,
263,4,-0.1389705452940122,-125.47902469258591,16557.920532226562,22954.66162109375,0.0,0.0,0.15,0.15,[0. 0. 0. 0. 0.],[0. 0. 0. 0. 0.],0.3,0.3,0.01,0.01,,
264,5,-100.09920082648583,0.09920082648583264,23973.5630859375,23650.74501953125,0.0,0.0,0.15,0.15,[0. 0. 0. 0. 0.],[0. 0. 0. 0. 0.],0.3,0.3,0.01,0.01,,
265,3,-166.74162591982886,0.074959253162206,21202.819010416668,25707.189127604168,0.0,0.0,0.15,0.15,[0. 0. 0. 0. 0.],[0. 0. 0. 0. 0.],0.3,0.3,0.01,0.01,,
266,5,-0.18521357848818698,-100.23749278534197,24844.4796875,20734.32314453125,0.0,0.0,0.15,0.15,[0. 0. 0. 0. 0.],[0. 0. 0. 0. 0.],0.3,0.3,0.01,0.01,,
267,23,-21.828804879522526,0.08967444473991602,18209.75244140625,18802.15237559443,0.0,0.0,0.15,0.15,[0. 0. 0. 0. 0.],[0. 0. 0. 0. 0.],0.3,0.3,0.01,0.01,,
268,9,-55.716085437691085,0.16052988213553088,15346.434787326389,17301.48291015625,0.0,0.0,0.15,0.15,[0. 0. 0. 0. 0.],[0. 0. 0. 0. 0.],0.3,0.3,0.01,0.01,,
269,1,-500.1532935993763,0.1532935993763117,23605.69140625,2665.573974609375,0.0,0.0,0.15,0.15,[0. 0. 0. 0. 0.],[0. 0. 0. 0. 0.],0.3,0.3,0.01,0.01,,
270,1,-500.1120902416274,0.11209024162740802,8839.93359375,24574.0390625,0.0,0.0,0.15,0.15,[0. 0. 0. 0. 0.],[0. 0. 0. 0. 0.],0.3,0.3,0.01,0.01,,
271,6,-83.48740636059303,0.15407302725970248,15212.62109375,17273.8955078125,0.0,0.0,0.15,0.15,[0. 0. 0. 0. 0.],[0. 0. 0. 0. 0.],0.3,0.3,0.01,0.01,,
272,22,-22.801412466410873,0.07413973913814635,20005.858553799717,15777.21337890625,0.0,0.0,0.15,0.15,[0. 0. 0. 0. 0.],[0. 0. 0. 0. 0.],0.3,0.3,0.01,0.01,,
273,8,-0.0959677781670747,-62.64363463384138,19951.5576171875,21196.843505859375,0.0,0.0,0.15,0.15,[0. 0. 0. 0. 0.],[0. 0. 0. 0. 0.],0.3,0.3,0.01,0.01,,
274,5,-100.06174158215984,0.06174158215983207,20389.934375,12883.479296875,0.0,0.0,0.15,0.15,[0. 0. 0. 0. 0.],[0. 0. 0. 0. 0.],0.3,0.3,0.01,0.01,,
275,1,-500.14783671327103,0.1478367132710484,15408.6455078125,20774.59765625,0.0,0.0,0.15,0.15,[0. 0. 0. 0. 0.],[0. 0. 0. 0. 0.],0.3,0.3,0.01,0.01,,
276,10,-50.06036478110205,0.060364781102054635,19078.75654296875,18274.6138671875,0.0,0.0,0.15,0.15,[0. 0. 0. 0. 0.],[0. 0. 0. 0. 0.],0.3,0.3,0.01,0.01,,
277,6,-83.50572866874343,-0.33924380954637484,17403.180826822918,17671.7802734375,0.0,0.0,0.15,0.15,[0. 0. 0. 0. 0.],[0. 0. 0. 0. 0.],0.3,0.3,0.01,0.01,,
278,16,-31.335963229457175,0.08596322945717416,17568.004150390625,15136.035751342773,0.0,0.0,0.15,0.15,[0. 0. 0. 0. 0.],[0. 0. 0. 0. 0.],0.3,0.3,0.01,0.01,,
279,10,-50.11019034793296,0.11019034793295605,13356.87197265625,15143.453051757813,0.0,0.0,0.15,0.15,[0. 0. 0. 0. 0.],[0. 0. 0. 0. 0.],0.3,0.3,0.01,0.01,,
280,7,-71.56500342139525,0.122387337825945,23639.041015625,11587.989536830357,0.0,0.0,0.15,0.15,[0. 0. 0. 0. 0.],[0. 0. 0. 0. 0.],0.3,0.3,0.01,0.01,,
281,4,-125.12091244007223,0.12091244007222854,35169.142578125,20934.579345703125,0.0,0.0,0.15,0.15,[0. 0. 0. 0. 0.],[0. 0. 0. 0. 0.],0.3,0.3,0.01,0.01,,
282,12,-41.76596985915848,0.09930319249181542,17204.309488932293,17760.259440104168,0.0,0.0,0.15,0.15,[0. 0. 0. 0. 0.],[0. 0. 0. 0. 0.],0.3,0.3,0.01,0.01,,
283,2,-250.08953905729462,-0.10702196692895072,14016.46484375,15468.3486328125,0.0,0.0,0.15,0.15,[0. 0. 0. 0. 0.],[0. 0. 0. 0. 0.],0.3,0.3,0.01,0.01,,
284,11,-0.11122707027569079,-45.49330779623529,18918.700727982956,17977.46211381392,0.0,0.0,0.15,0.15,[0. 0. 0. 0. 0.],[0. 0. 0. 0. 0.],0.3,0.3,0.01,0.01,,
285,5,-100.08593532442082,0.08593532442081303,15626.5341796875,19120.78828125,0.0,0.0,0.15,0.15,[0. 0. 0. 0. 0.],[0. 0. 0. 0. 0.],0.3,0.3,0.01,0.01,,
286,6,-0.0986621689356084,-83.53334931473537,13787.998860677084,12612.636393229166,0.0,0.0,0.15,0.15,[0. 0. 0. 0. 0.],[0. 0. 0. 0. 0.],0.3,0.3,0.01,0.01,,
287,8,-62.640597417297215,0.14059741729721079,18248.057495117188,11105.487350463867,0.0,0.0,0.15,0.15,[0. 0. 0. 0. 0.],[0. 0. 0. 0. 0.],0.3,0.3,0.01,0.01,,
288,2,-250.09160515220248,0.046181676754213856,18990.97265625,9613.616455078125,0.0,0.0,0.15,0.15,[0. 0. 0. 0. 0.],[0. 0. 0. 0. 0.],0.3,0.3,0.01,0.01,,
289,19,-0.09469518337764776,-26.304525544218592,21683.928119860197,17317.51685212788,0.0,0.0,0.15,0.15,[0. 0. 0. 0. 0.],[0. 0. 0. 0. 0.],0.3,0.3,0.01,0.01,,
290,5,-0.1742084166900881,-100.40084127443315,19355.821337890626,20276.17060546875,0.0,0.0,0.15,0.15,[0. 0. 0. 0. 0.],[0. 0. 0. 0. 0.],0.3,0.3,0.01,0.01,,
291,19,26.248011055416598,-52.56380052910081,20638.6923828125,16926.471705386513,2.0,2.0,0.15,0.15,[0. 0. 0. 0. 0.],[0. 0. 0. 0. 0.],0.3,0.3,0.01,0.01,,
292,2,-250.16968670006545,0.16968670006546116,19828.8447265625,18833.884765625,0.0,0.0,0.15,0.15,[0. 0. 0. 0. 0.],[0. 0. 0. 0. 0.],0.3,0.3,0.01,0.01,,
293,3,-166.76067150496928,0.09400483830259909,19997.729817708332,15556.533528645834,0.0,0.0,0.15,0.15,[0. 0. 0. 0. 0.],[0. 0. 0. 0. 0.],0.3,0.3,0.01,0.01,,
294,8,62.47240031274542,-124.97984686610123,18189.467834472656,16141.093322753906,2.0,2.0,0.15,0.15,[0. 0. 0. 0. 0.],[0. 0. 0. 0. 0.],0.3,0.3,0.01,0.01,,
295,18,-27.89195633096029,0.11417855318250952,19286.93714735243,19631.7236328125,0.0,0.0,0.15,0.15,[0. 0. 0. 0. 0.],[0. 0. 0. 0. 0.],0.3,0.3,0.01,0.01,,
296,25,-20.1135443530856,0.10727748690516238,18940.3918359375,18294.86697265625,0.0,0.0,0.15,0.15,[0. 0. 0. 0. 0.],[0. 0. 0. 0. 0.],0.3,0.3,0.01,0.01,,
297,19,-26.386737786044765,0.07094831236055354,22454.33579615543,18757.362099095393,0.0,0.0,0.15,0.15,[0. 0. 0. 0. 0.],[0. 0. 0. 0. 0.],0.3,0.3,0.01,0.01,,
298,9,-55.606939048115905,0.05138349256034781,17932.334852430555,15724.894965277777,0.0,0.0,0.15,0.15,[0. 0. 0. 0. 0.],[0. 0. 0. 0. 0.],0.3,0.3,0.01,0.01,,
299,8,-62.69484464579933,0.18504149207556722,19762.240844726562,13860.460662841797,0.0,0.0,0.15,0.15,[0. 0. 0. 0. 0.],[0. 0. 0. 0. 0.],0.3,0.3,0.01,0.01,,
300,7,-71.50953484384624,0.08096341527480345,22923.20479910714,23388.201729910714,0.0,0.0,0.15,0.15,[0. 0. 0. 0. 0.],[0. 0. 0. 0. 0.],0.3,0.3,0.01,0.01,,
301,11,-45.56863713198125,-0.12467974904224179,23508.157670454544,17491.857821377842,0.0,0.0,0.15,0.15,[0. 0. 0. 0. 0.],[0. 0. 0. 0. 0.],0.3,0.3,0.01,0.01,,
302,4,-0.13258532321685357,-126.18365806074101,20919.540771484375,15935.577209472656,0.0,0.0,0.15,0.15,[0. 0. 0. 0. 0.],[0. 0. 0. 0. 0.],0.3,0.3,0.01,0.01,,
303,18,-0.1167298800416764,-27.8258972737749,17527.369330512152,22305.055419921875,0.0,0.0,0.15,0.15,[0. 0. 0. 0. 0.],[0. 0. 0. 0. 0.],0.3,0.3,0.01,0.01,,
304,8,-62.58115196173306,0.08115196173306304,12856.070068359375,16540.323120117188,0.0,0.0,0.15,0.15,[0. 0. 0. 0. 0.],[0. 0. 0. 0. 0.],0.3,0.3,0.01,0.01,,
305,4,-125.17312635495516,0.17312635495515816,14011.520751953125,12948.48388671875,0.0,0.0,0.15,0.15,[0. 0. 0. 0. 0.],[0. 0. 0. 0. 0.],0.3,0.3,0.01,0.01,,
306,20,-25.10572844166063,-25.00128421588493,17948.253564453124,16959.173120117186,0.0,0.0,0.15,0.15,[0. 0. 0. 0. 0.],[0. 0. 0. 0. 0.],0.3,0.3,0.01,0.01,,
307,16,-31.31869918157086,0.06869918157086005,18600.44970703125,14259.815719604492,0.0,0.0,0.15,0.15,[0. 0. 0. 0. 0.],[0. 0. 0. 0. 0.],0.3,0.3,0.01,0.01,,
308,6,-83.39863756267688,0.06530422934355508,13386.770060221354,12875.572733561197,0.0,0.0,0.15,0.15,[0. 0. 0. 0. 0.],[0. 0. 0. 0. 0.],0.3,0.3,0.01,0.01,,
309,16,-31.38927671335871,0.060895911732085084,18840.012084960938,19080.003967285156,0.0,0.0,0.15,0.15,[0. 0. 0. 0. 0.],[0. 0. 0. 0. 0.],0.3,0.3,0.01,0.01,,
310,12,-0.06728707766653093,-41.79041907089586,19534.314412434895,15225.250712076822,0.0,0.0,0.15,0.15,[0. 0. 0. 0. 0.],[0. 0. 0. 0. 0.],0.3,0.3,0.01,0.01,,
311,10,-0.04632389826488746,-50.09225568746261,18499.89990234375,16866.8185546875,0.0,0.0,0.15,0.15,[0. 0. 0. 0. 0.],[0. 0. 0. 0. 0.],0.3,0.3,0.01,0.01,,
312,9,-0.13582771456872872,-55.61921042566127,22808.847005208332,19315.019422743055,0.0,0.0,0.15,0.15,[0. 0. 0. 0. 0.],[0. 0. 0. 0. 0.],0.3,0.3,0.01,0.01,,
313,23,21.67430056261518,-43.506650968498654,18964.62446925951,18910.728940217392,1.0,1.0,0.15,0.15,[0. 0. 0. 0. 0.],[0. 0. 0. 0. 0.],0.3,0.3,0.01,0.01,,
314,10,-0.0618114950018392,-50.152431474758146,19177.445703125,24924.126171875,0.0,0.0,0.15,0.15,[0. 0. 0. 0. 0.],[0. 0. 0. 0. 0.],0.3,0.3,0.01,0.01,,
315,1,-500.12029359588064,0.12029359588065265,20117.720703125,17845.08984375,0.0,0.0,0.15,0.15,[0. 0. 0. 0. 0.],[0. 0. 0. 0. 0.],0.3,0.3,0.01,0.01,,
316,9,111.08970114596205,-166.8411862655811,19613.9599609375,14356.566623263889,2.0,2.0,0.15,0.15,[0. 0. 0. 0. 0.],[0. 0. 0. 0. 0.],0.3,0.3,0.01,0.01,,
317,4,-0.17214319563036445,-125.2002147270532,19570.05810546875,21296.11474609375,0.0,0.0,0.15,0.15,[0. 0. 0. 0. 0.],[0. 0. 0. 0. 0.],0.3,0.3,0.01,0.01,,
318,11,-0.03035362199338532,-45.542076566195306,15060.618519176136,12797.680020419035,0.0,0.0,0.15,0.15,[0. 0. 0. 0. 0.],[0. 0. 0. 0. 0.],0.3,0.3,0.01,0.01,,
319,2,-0.16643561241342883,-250.83509856935385,23915.611328125,19643.1611328125,0.0,0.0,0.15,0.15,[0. 0. 0. 0. 0.],[0. 0. 0. 0. 0.],0.3,0.3,0.01,0.01,,
320,7,-0.0690933207213222,-71.53607007070659,14764.421944754464,18768.93038504464,0.0,0.0,0.15,0.15,[0. 0. 0. 0. 0.],[0. 0. 0. 0. 0.],0.3,0.3,0.01,0.01,,
321,1,-0.18777939517417308,-500.8383265680229,21565.08984375,19002.357421875,0.0,0.0,0.15,0.15,[0. 0. 0. 0. 0.],[0. 0. 0. 0. 0.],0.3,0.3,0.01,0.01,,
322,9,-0.09655250000372385,-55.643864133831975,24730.749891493055,16091.469672309027,0.0,0.0,0.15,0.15,[0. 0. 0. 0. 0.],[0. 0. 0. 0. 0.],0.3,0.3,0.01,0.01,,
323,7,-0.04844031517423453,-71.64648492638386,18188.07547433036,16021.681222098214,0.0,0.0,0.15,0.15,[0. 0. 0. 0. 0.],[0. 0. 0. 0. 0.],0.3,0.3,0.01,0.01,,
324,1,-500.15656892137633,0.15656892137632628,38366.8203125,14410.6630859375,0.0,0.0,0.15,0.15,[0. 0. 0. 0. 0.],[0. 0. 0. 0. 0.],0.3,0.3,0.01,0.01,,
325,8,-0.018257003061924647,-62.6666295913152,12873.607788085938,19239.114196777344,0.0,0.0,0.15,0.15,[0. 0. 0. 0. 0.],[0. 0. 0. 0. 0.],0.3,0.3,0.01,0.01,,
326,15,-33.43644174901251,0.10310841567917442,19892.098014322917,20313.703515625,0.0,0.0,0.15,0.15,[0. 0. 0. 0. 0.],[0. 0. 0. 0. 0.],0.3,0.3,0.01,0.01,,
327,11,45.40522702728804,-91.00049644419809,19040.42402787642,15458.478781960228,1.0,1.0,0.15,0.15,[0. 0. 0. 0. 0.],[0. 0. 0. 0. 0.],0.3,0.3,0.01,0.01,,
328,5,-0.15651575067513757,-100.20199335111191,15207.12236328125,16243.688525390626,0.0,0.0,0.15,0.15,[0. 0. 0. 0. 0.],[0. 0. 0. 0. 0.],0.3,0.3,0.01,0.01,,
329,7,-0.10643739718489363,-71.60995577413217,19366.259207589286,15958.10072544643,0.0,0.0,0.15,0.15,[0. 0. 0. 0. 0.],[0. 0. 0. 0. 0.],0.3,0.3,0.01,0.01,,
330,6,-0.10803287917346817,-83.45138155700654,21863.9814453125,24966.378255208332,0.0,0.0,0.15,0.15,[0. 0. 0. 0. 0.],[0. 0. 0. 0. 0.],0.3,0.3,0.01,0.01,,
331,4,-0.11323645885745613,-125.21053800852661,21141.1796875,21140.72705078125,0.0,0.0,0.15,0.15,[0. 0. 0. 0. 0.],[0. 0. 0. 0. 0.],0.3,0.3,0.01,0.01,,
332,7,-0.058094465003793005,-71.59289469589363,19572.30859375,20720.34305245536,0.0,0.0,0.15,0.15,[0. 0. 0. 0. 0.],[0. 0. 0. 0. 0.],0.3,0.3,0.01,0.01,,
333,10,-50.134039762590064,0.1340397625900632,19340.114453125,17345.388037109376,0.0,0.0,0.15,0.15,[0. 0. 0. 0. 0.],[0. 0. 0. 0. 0.],0.3,0.3,0.01,0.01,,
334,6,-0.13691388485146652,-83.51240267092392,20394.737141927082,14776.173421223959,0.0,0.0,0.15,0.15,[0. 0. 0. 0. 0.],[0. 0. 0. 0. 0.],0.3,0.3,0.01,0.01,,
335,2,-0.15432996333156407,-250.50451742522898,10133.71875,11602.8515625,0.0,0.0,0.15,0.15,[0. 0. 0. 0. 0.],[0. 0. 0. 0. 0.],0.3,0.3,0.01,0.01,,
336,5,-0.04400591168975685,-100.18712247897761,16646.96796875,18861.8203125,0.0,0.0,0.15,0.15,[0. 0. 0. 0. 0.],[0. 0. 0. 0. 0.],0.3,0.3,0.01,0.01,,
337,14,-0.05385774341262207,-35.8563010216872,21048.189801897322,15546.789341517857,0.0,0.0,0.15,0.15,[0. 0. 0. 0. 0.],[0. 0. 0. 0. 0.],0.3,0.3,0.01,0.01,,
338,7,71.40389429691642,-143.01103903054053,23763.172433035714,20908.34988839286,1.0,1.0,0.15,0.15,[0. 0. 0. 0. 0.],[0. 0. 0. 0. 0.],0.3,0.3,0.01,0.01,,
339,4,-0.09440351310896136,-125.21040004484149,18240.5166015625,19317.6005859375,0.0,0.0,0.15,0.15,[0. 0. 0. 0. 0.],[0. 0. 0. 0. 0.],0.3,0.3,0.01,0.01,,
340,1,-500.1893789587448,-0.31040616165532897,7825.19140625,13434.060546875,0.0,0.0,0.15,0.15,[0. 0. 0. 0. 0.],[0. 0. 0. 0. 0.],0.3,0.3,0.01,0.01,,
341,4,-0.1577363273151717,-125.29141870708635,14371.07080078125,21298.96630859375,0.0,0.0,0.15,0.15,[0. 0. 0. 0. 0.],[0. 0. 0. 0. 0.],0.3,0.3,0.01,0.01,,
342,1,-0.1314274734245043,-500.8913270062745,15538.73046875,28050.939453125,0.0,0.0,0.15,0.15,[0. 0. 0. 0. 0.],[0. 0. 0. 0. 0.],0.3,0.3,0.01,0.01,,
343,5,-0.11175358425838507,-100.12601667013026,17963.7642578125,16730.491015625,0.0,0.0,0.15,0.15,[0. 0. 0. 0. 0.],[0. 0. 0. 0. 0.],0.3,0.3,0.01,0.01,,
344,12,-0.06379572330474872,-41.7233176944597,15175.163452148438,15634.801432291666,0.0,0.0,0.15,0.15,[0. 0. 0. 0. 0.],[0. 0. 0. 0. 0.],0.3,0.3,0.01,0.01,,
345,2,-0.09111471522171363,-250.52845707222235,10875.64111328125,12702.56494140625,0.0,0.0,0.15,0.15,[0. 0. 0. 0. 0.],[0. 0. 0. 0. 0.],0.3,0.3,0.01,0.01,,
346,9,-0.08135046492848175,-55.67822965969029,19017.128472222223,26456.397786458332,0.0,0.0,0.15,0.15,[0. 0. 0. 0. 0.],[0. 0. 0. 0. 0.],0.3,0.3,0.01,0.01,,
347,10,-50.118232924914324,0.11823292491432476,21322.31298828125,17924.659130859374,0.0,0.0,0.15,0.15,[0. 0. 0. 0. 0.],[0. 0. 0. 0. 0.],0.3,0.3,0.01,0.01,,
348,10,-0.09088029333054441,-50.06372757711959,16814.4314453125,16081.282592773438,0.0,0.0,0.15,0.15,[0. 0. 0. 0. 0.],[0. 0. 0. 0. 0.],0.3,0.3,0.01,0.01,,
349,6,-0.11631201091229536,-83.40437181267727,17596.793701171875,17006.005045572918,0.0,0.0,0.15,0.15,[0. 0. 0. 0. 0.],[0. 0. 0. 0. 0.],0.3,0.3,0.01,0.01,,
350,9,-0.07248391625619226,-55.703841118878216,17635.686469184027,16654.754448784723,0.0,0.0,0.15,0.15,[0. 0. 0. 0. 0.],[0. 0. 0. 0. 0.],0.3,0.3,0.01,0.01,,
351,19,-0.08290293252061813,-26.448519679624454,21823.491236636513,19023.06949013158,0.0,0.0,0.15,0.15,[0. 0. 0. 0. 0.],[0. 0. 0. 0. 0.],0.3,0.3,0.01,0.01,,
352,3,-166.7615129028777,0.09484623621104672,20763.0234375,17985.445963541668,0.0,0.0,0.15,0.15,[0. 0. 0. 0. 0.],[0. 0. 0. 0. 0.],0.3,0.3,0.01,0.01,,
353,6,-0.04579809077284739,-83.47789406410628,18373.644124348957,22577.072591145832,0.0,0.0,0.15,0.15,[0. 0. 0. 0. 0.],[0. 0. 0. 0. 0.],0.3,0.3,0.01,0.01,,
354,11,-45.527052282680394,-45.50764835717743,20288.555397727272,19916.233842329544,0.0,0.0,0.15,0.15,[0. 0. 0. 0. 0.],[0. 0. 0. 0. 0.],0.3,0.3,0.01,0.01,,
355,9,-0.10915943574384172,-55.67488733020288,17529.372395833332,16535.564778645832,0.0,0.0,0.15,0.15,[0. 0. 0. 0. 0.],[0. 0. 0. 0. 0.],0.3,0.3,0.01,0.01,,
356,4,-0.02826978743416035,-125.30113159435463,12671.3310546875,17531.364013671875,0.0,0.0,0.15,0.15,[0. 0. 0. 0. 0.],[0. 0. 0. 0. 0.],0.3,0.3,0.01,0.01,,
357,14,-0.12572977070877192,-35.70263807148853,19527.90450613839,15477.23570033482,0.0,0.0,0.15,0.15,[0. 0. 0. 0. 0.],[0. 0. 0. 0. 0.],0.3,0.3,0.01,0.01,,
358,7,-0.15161481747350614,-71.51175112812297,25857.359723772322,22793.59685407366,0.0,0.0,0.15,0.15,[0. 0. 0. 0. 0.],[0. 0. 0. 0. 0.],0.3,0.3,0.01,0.01,,
359,8,-0.049502959140902934,-62.73937309643866,16025.965454101562,16429.593505859375,0.0,0.0,0.15,0.15,[0. 0. 0. 0. 0.],[0. 0. 0. 0. 0.],0.3,0.3,0.01,0.01,,
360,17,29.37825041384077,-58.80386271800629,22560.261431525734,16483.971263212316,2.0,2.0,0.15,0.15,[0. 0. 0. 0. 0.],[0. 0. 0. 0. 0.],0.3,0.3,0.01,0.01,,
361,3,-0.199698999980517,-167.32120674177074,20967.527994791668,16677.675944010418,0.0,0.0,0.15,0.15,[0. 0. 0. 0. 0.],[0. 0. 0. 0. 0.],0.3,0.3,0.01,0.01,,
362,8,-0.14212063627170787,-63.26569245705588,20159.67755126953,23248.169555664062,0.0,0.0,0.15,0.15,[0. 0. 0. 0. 0.],[0. 0. 0. 0. 0.],0.3,0.3,0.01,0.01,,
363,15,66.64541192666978,-100.1264469259913,19338.766634114585,15661.210123697916,2.0,2.0,0.15,0.15,[0. 0. 0. 0. 0.],[0. 0. 0. 0. 0.],0.3,0.3,0.01,0.01,,
364,6,-0.11958534848242829,-83.46423964396651,12458.216145833334,13219.543579101562,0.0,0.0,0.15,0.15,[0. 0. 0. 0. 0.],[0. 0. 0. 0. 0.],0.3,0.3,0.01,0.01,,
365,8,-0.07992168286097187,-62.58047594156311,18129.457275390625,14508.77001953125,0.0,0.0,0.15,0.15,[0. 0. 0. 0. 0.],[0. 0. 0. 0. 0.],0.3,0.3,0.01,0.01,,
366,12,-0.1478319379253009,-41.67627845003566,18805.346598307293,18301.309936523438,0.0,0.0,0.15,0.15,[0. 0. 0. 0. 0.],[0. 0. 0. 0. 0.],0.3,0.3,0.01,0.01,,
367,9,-0.16382177332997366,-55.624382661004965,17745.30544704861,25035.321614583332,0.0,0.0,0.15,0.15,[0. 0. 0. 0. 0.],[0. 0. 0. 0. 0.],0.3,0.3,0.01,0.01,,
368,10,-0.17922493489798372,-49.97993148637795,17325.928076171876,15985.11064453125,0.0,0.0,0.15,0.15,[0. 0. 0. 0. 0.],[0. 0. 0. 0. 0.],0.3,0.3,0.01,0.01,,
369,13,-38.594667947168375,0.10569497763706516,17406.51953125,19459.53643329327,0.0,0.0,0.15,0.15,[0. 0. 0. 0. 0.],[0. 0. 0. 0. 0.],0.3,0.3,0.01,0.01,,
370,11,-0.10903695980398907,-45.487530298871384,20554.69708806818,22913.852805397728,0.0,0.0,0.15,0.15,[0. 0. 0. 0. 0.],[0. 0. 0. 0. 0.],0.3,0.3,0.01,0.01,,
371,4,-125.11476124586083,0.11476124586082852,16975.204711914062,17833.980224609375,0.0,0.0,0.15,0.15,[0. 0. 0. 0. 0.],[0. 0. 0. 0. 0.],0.3,0.3,0.01,0.01,,
372,7,-71.57589773175509,0.1467223829849686,22804.07198660714,26759.09347098214,0.0,0.0,0.15,0.15,[0. 0. 0. 0. 0.],[0. 0. 0. 0. 0.],0.3,0.3,0.01,0.01,,
373,5,-0.09545534683640658,-100.66908354462791,17848.0400390625,19644.12109375,0.0,0.0,0.15,0.15,[0. 0. 0. 0. 0.],[0. 0. 0. 0. 0.],0.3,0.3,0.01,0.01,,
374,22,-0.05431500183138347,-22.728632846695852,21817.016379616478,21388.284046519886,0.0,0.0,0.15,0.15,[0. 0. 0. 0. 0.],[0. 0. 0. 0. 0.],0.3,0.3,0.01,0.01,,
375,6,-83.5067688936049,0.17343556027155901,13369.328572591146,24109.500162760418,0.0,0.0,0.15,0.15,[0. 0. 0. 0. 0.],[0. 0. 0. 0. 0.],0.3,0.3,0.01,0.01,,
376,2,-0.025259260782072288,-250.98620811105755,11532.391845703125,13554.10302734375,0.0,0.0,0.15,0.15,[0. 0. 0. 0. 0.],[0. 0. 0. 0. 0.],0.3,0.3,0.01,0.01,,
377,2,-0.15750983913888822,-251.1066441070347,17328.29248046875,12937.21923828125,0.0,0.0,0.15,0.15,[0. 0. 0. 0. 0.],[0. 0. 0. 0. 0.],0.3,0.3,0.01,0.01,,
378,19,52.538832871829634,-78.97267857490789,16304.122661389803,22398.29759457237,2.0,2.0,0.15,0.15,[0. 0. 0. 0. 0.],[0. 0. 0. 0. 0.],0.3,0.3,0.01,0.01,,
379,19,-0.055813003793415715,-26.363017858554837,19329.66439658717,16781.26517526727,0.0,0.0,0.15,0.15,[0. 0. 0. 0. 0.],[0. 0. 0. 0. 0.],0.3,0.3,0.01,0.01,,
380,2,-0.06776494327548478,-250.48969589832058,18373.328125,10768.7529296875,0.0,0.0,0.15,0.15,[0. 0. 0. 0. 0.],[0. 0. 0. 0. 0.],0.3,0.3,0.01,0.01,,
381,10,-0.05068522709001454,-50.08760383756408,22556.2779296875,20837.12451171875,0.0,0.0,0.15,0.15,[0. 0. 0. 0. 0.],[0. 0. 0. 0. 0.],0.3,0.3,0.01,0.01,,
382,26,38.37732531348757,-57.67990613322518,18591.75883601262,19954.35419170673,2.0,2.0,0.15,0.15,[0. 0. 0. 0. 0.],[0. 0. 0. 0. 0.],0.3,0.3,0.01,0.01,,
383,10,-50.08152953397406,-0.01608479774990561,21789.36845703125,19064.344921875,0.0,0.0,0.15,0.15,[0. 0. 0. 0. 0.],[0. 0. 0. 0. 0.],0.3,0.3,0.01,0.01,,
384,2,-250.1873103789407,0.18731037894070657,24990.4638671875,6475.324462890625,0.0,0.0,0.15,0.15,[0. 0. 0. 0. 0.],[0. 0. 0. 0. 0.],0.3,0.3,0.01,0.01,,
385,5,-0.11480657930366074,-100.32813247654109,12482.525244140625,19132.91171875,0.0,0.0,0.15,0.15,[0. 0. 0. 0. 0.],[0. 0. 0. 0. 0.],0.3,0.3,0.01,0.01,,
386,14,35.68457148585785,-71.39885720014357,19013.45148577009,20890.908046177454,2.0,2.0,0.15,0.15,[0. 0. 0. 0. 0.],[0. 0. 0. 0. 0.],0.3,0.3,0.01,0.01,,
387,5,-0.04459779845642711,-100.35783473897622,15380.975390625,26461.6015625,0.0,0.0,0.15,0.15,[0. 0. 0. 0. 0.],[0. 0. 0. 0. 0.],0.3,0.3,0.01,0.01,,
388,1,-0.024279719491496432,-501.8367097229804,13463.6318359375,21749.53515625,0.0,0.0,0.15,0.15,[0. 0. 0. 0. 0.],[0. 0. 0. 0. 0.],0.3,0.3,0.01,0.01,,
389,3,-0.1025222790422462,-167.37803746782325,16197.8115234375,17485.118815104168,0.0,0.0,0.15,0.15,[0. 0. 0. 0. 0.],[0. 0. 0. 0. 0.],0.3,0.3,0.01,0.01,,
390,12,83.27274676097608,-125.08665536077136,16583.9677734375,18722.02978515625,2.0,2.0,0.15,0.15,[0. 0. 0. 0. 0.],[0. 0. 0. 0. 0.],0.3,0.3,0.01,0.01,,
391,10,-0.15072456399093656,-50.0220998978556,13633.9880859375,21419.82099609375,0.0,0.0,0.15,0.15,[0. 0. 0. 0. 0.],[0. 0. 0. 0. 0.],0.3,0.3,0.01,0.01,,
392,6,-0.08098465652128342,-83.57748794476805,21789.46826171875,18816.157185872395,0.0,0.0,0.15,0.15,[0. 0. 0. 0. 0.],[0. 0. 0. 0. 0.],0.3,0.3,0.01,0.01,,
393,6,-83.36761371713688,0.03428038380353881,14526.646647135416,14817.903971354166,0.0,0.0,0.15,0.15,[0. 0. 0. 0. 0.],[0. 0. 0. 0. 0.],0.3,0.3,0.01,0.01,,
394,10,-0.07744827759719952,-50.042174449989616,19254.45673828125,17508.2642578125,0.0,0.0,0.15,0.15,[0. 0. 0. 0. 0.],[0. 0. 0. 0. 0.],0.3,0.3,0.01,0.01,,
395,4,-0.08322632494396878,-125.3156731009911,28215.959228515625,20093.1552734375,0.0,0.0,0.15,0.15,[0. 0. 0. 0. 0.],[0. 0. 0. 0. 0.],0.3,0.3,0.01,0.01,,
396,12,-0.044983128220784006,-41.720744657091444,16490.950846354168,17977.505696614582,0.0,0.0,0.15,0.15,[0. 0. 0. 0. 0.],[0. 0. 0. 0. 0.],0.3,0.3,0.01,0.01,,
397,7,-71.62181602519897,0.009318508502925395,18205.20438058036,22832.849469866072,0.0,0.0,0.15,0.15,[0. 0. 0. 0. 0.],[0. 0. 0. 0. 0.],0.3,0.3,0.01,0.01,,
398,19,-0.041932893005273315,-26.403418688105553,16697.29449784128,17744.912006578947,0.0,0.0,0.15,0.15,[0. 0. 0. 0. 0.],[0. 0. 0. 0. 0.],0.3,0.3,0.01,0.01,,
399,9,-0.18146009043886288,-55.70802611930583,20018.305501302082,12692.105631510416,0.0,0.0,0.15,0.15,[0. 0. 0. 0. 0.],[0. 0. 0. 0. 0.],0.3,0.3,0.01,0.01,,
400,19,-0.046541711732672096,-26.33830237826811,18743.899542557567,19492.736019736843,0.0,0.0,0.15,0.15,[0. 0. 0. 0. 0.],[0. 0. 0. 0. 0.],0.3,0.3,0.01,0.01,,
401,14,-0.057688782293651215,-35.789219394102936,19778.708635602678,19093.268624441964,0.0,0.0,0.15,0.15,[0. 0. 0. 0. 0.],[0. 0. 0. 0. 0.],0.3,0.3,0.01,0.01,,
402,10,-0.059882506113414204,-50.04466217338397,20802.6982421875,20211.882373046876,0.0,0.0,0.15,0.15,[0. 0. 0. 0. 0.],[0. 0. 0. 0. 0.],0.3,0.3,0.01,0.01,,
403,13,38.3940654873104,-76.93419955952378,22534.327974759617,15687.202251727764,1.0,1.0,0.15,0.15,[0. 0. 0. 0. 0.],[0. 0. 0. 0. 0.],0.3,0.3,0.01,0.01,,
404,18,-27.880832097402013,0.10305431962423714,18986.12841796875,18249.616373697918,0.0,0.0,0.15,0.15,[0. 0. 0. 0. 0.],[0. 0. 0. 0. 0.],0.3,0.3,0.01,0.01,,
405,3,-0.01779639541138088,-166.82166802883557,21589.751953125,15365.475260416666,1.0,1.0,0.15,0.15,[0. 0. 0. 0. 0.],[0. 0. 0. 0. 0.],0.3,0.3,0.01,0.01,,
406,7,-71.46752734836623,0.03895591979480679,23930.816476004464,20300.39529854911,0.0,0.0,0.15,0.15,[0. 0. 0. 0. 0.],[0. 0. 0. 0. 0.],0.3,0.3,0.01,0.01,,
407,19,-26.376788446704968,-26.37462048740831,21795.71653988487,22673.632979543585,0.0,0.0,0.15,0.15,[0. 0. 0. 0. 0.],[0. 0. 0. 0. 0.],0.3,0.3,0.01,0.01,,
408,8,-0.15369276628733938,-62.5105439640141,18012.664794921875,18820.12127685547,0.0,0.0,0.15,0.15,[0. 0. 0. 0. 0.],[0. 0. 0. 0. 0.],0.3,0.3,0.01,0.01,,
409,6,-0.05113804305342914,-83.74858293345459,24360.326497395832,22055.430013020832,0.0,0.0,0.15,0.15,[0. 0. 0. 0. 0.],[0. 0. 0. 0. 0.],0.3,0.3,0.01,0.01,,
410,8,-0.07998551061500067,-62.548977488524116,23480.941040039062,22030.648681640625,0.0,0.0,0.15,0.15,[0. 0. 0. 0. 0.],[0. 0. 0. 0. 0.],0.3,0.3,0.01,0.01,,
411,2,-250.15577312773976,0.15577312773976548,10142.6826171875,25100.828125,0.0,0.0,0.15,0.15,[0. 0. 0. 0. 0.],[0. 0. 0. 0. 0.],0.3,0.3,0.01,0.01,,
412,3,-0.13907140458741832,-167.19966742243753,17979.529947916668,19732.628580729168,0.0,0.0,0.15,0.15,[0. 0. 0. 0. 0.],[0. 0. 0. 0. 0.],0.3,0.3,0.01,0.01,,
413,3,-0.1754622097930533,-167.33605930133643,21312.131510416668,15951.719075520834,0.0,0.0,0.15,0.15,[0. 0. 0. 0. 0.],[0. 0. 0. 0. 0.],0.3,0.3,0.01,0.01,,
414,5,-0.11172114111546783,-100.22930376185074,16957.65966796875,21769.17890625,0.0,0.0,0.15,0.15,[0. 0. 0. 0. 0.],[0. 0. 0. 0. 0.],0.3,0.3,0.01,0.01,,
415,4,-0.14509987897240922,-125.16222491407302,23129.94091796875,14275.15673828125,0.0,0.0,0.15,0.15,[0. 0. 0. 0. 0.],[0. 0. 0. 0. 0.],0.3,0.3,0.01,0.01,,
416,8,-0.029839613224959916,-62.687985436500796,18163.81622314453,25574.46923828125,0.0,0.0,0.15,0.15,[0. 0. 0. 0. 0.],[0. 0. 0. 0. 0.],0.3,0.3,0.01,0.01,,
417,9,-0.09351173638000077,-55.607401605600856,20803.0263671875,20297.765516493055,0.0,0.0,0.15,0.15,[0. 0. 0. 0. 0.],[0. 0. 0. 0. 0.],0.3,0.3,0.01,0.01,,
418,1,-500.0381718620139,0.038171862013864716,38451.44140625,28354.59765625,0.0,0.0,0.15,0.15,[0. 0. 0. 0. 0.],[0. 0. 0. 0. 0.],0.3,0.3,0.01,0.01,,
419,13,-0.04755032736450786,-38.54391069532978,25384.796875,22014.947415865383,0.0,0.0,0.15,0.15,[0. 0. 0. 0. 0.],[0. 0. 0. 0. 0.],0.3,0.3,0.01,0.01,,
420,2,-0.1581120221001995,-250.60390420356842,28022.20556640625,24204.5693359375,0.0,0.0,0.15,0.15,[0. 0. 0. 0. 0.],[0. 0. 0. 0. 0.],0.3,0.3,0.01,0.01,,
421,5,-0.10869507799887528,-100.21580046645589,15823.51015625,22644.997265625,0.0,0.0,0.15,0.15,[0. 0. 0. 0. 0.],[0. 0. 0. 0. 0.],0.3,0.3,0.01,0.01,,
422,14,-0.05868006975195853,-35.77725972183654,19261.51297433036,25112.629464285714,0.0,0.0,0.15,0.15,[0. 0. 0. 0. 0.],[0. 0. 0. 0. 0.],0.3,0.3,0.01,0.01,,
423,14,-0.062382363793552935,-35.771129217998144,19942.20535714286,20907.681012834822,0.0,0.0,0.15,0.15,[0. 0. 0. 0. 0.],[0. 0. 0. 0. 0.],0.3,0.3,0.01,0.01,,
424,15,-0.04648509417899859,-33.357698482189036,17959.1984375,17809.531005859375,0.0,0.0,0.15,0.15,[0. 0. 0. 0. 0.],[0. 0. 0. 0. 0.],0.3,0.3,0.01,0.01,,
425,2,-0.031298124771748634,-250.72616208439743,11530.36279296875,17179.25146484375,0.0,0.0,0.15,0.15,[0. 0. 0. 0. 0.],[0. 0. 0. 0. 0.],0.3,0.3,0.01,0.01,,
426,3,-0.14626650893686044,-167.28039473358405,15377.013346354166,20631.100260416668,0.0,0.0,0.15,0.15,[0. 0. 0. 0. 0.],[0. 0. 0. 0. 0.],0.3,0.3,0.01,0.01,,
427,8,-0.11909470822474112,-62.526006083258075,23943.477783203125,21930.713256835938,0.0,0.0,0.15,0.15,[0. 0. 0. 0. 0.],[0. 0. 0. 0. 0.],0.3,0.3,0.01,0.01,,
428,6,-0.16302799815069435,-83.50874643728781,14304.91650390625,14543.568522135416,0.0,0.0,0.15,0.15,[0. 0. 0. 0. 0.],[0. 0. 0. 0. 0.],0.3,0.3,0.01,0.01,,
429,13,-0.09997120162566303,-38.52028711215982,19337.40020282452,21657.053504356973,0.0,0.0,0.15,0.15,[0. 0. 0. 0. 0.],[0. 0. 0. 0. 0.],0.3,0.3,0.01,0.01,,
430,4,-0.10107228287848011,-125.492596918445,22618.036376953125,22702.19580078125,0.0,0.0,0.15,0.15,[0. 0. 0. 0. 0.],[0. 0. 0. 0. 0.],0.3,0.3,0.01,0.01,,
431,2,-0.04063769507313158,-250.8781064685814,26026.41552734375,13224.861328125,0.0,0.0,0.15,0.15,[0. 0. 0. 0. 0.],[0. 0. 0. 0. 0.],0.3,0.3,0.01,0.01,,
432,15,-0.09271274677807727,-33.366327548958,13707.767317708332,19637.641666666666,0.0,0.0,0.15,0.15,[0. 0. 0. 0. 0.],[0. 0. 0. 0. 0.],0.3,0.3,0.01,0.01,,
433,17,58.76999338972941,-88.32604251290911,17444.363252527575,20467.68100873162,2.0,2.0,0.15,0.15,[0. 0. 0. 0. 0.],[0. 0. 0. 0. 0.],0.3,0.3,0.01,0.01,,
434,5,-0.12293177796982584,-100.27499063063976,14980.330859375,13780.3916015625,0.0,0.0,0.15,0.15,[0. 0. 0. 0. 0.],[0. 0. 0. 0. 0.],0.3,0.3,0.01,0.01,,
435,5,-0.07937562058537644,-100.15861477282274,14867.926171875,22967.5884765625,0.0,0.0,0.15,0.15,[0. 0. 0. 0. 0.],[0. 0. 0. 0. 0.],0.3,0.3,0.01,0.01,,
436,11,-0.03410457962676656,-45.56000035122437,18225.393909801136,22109.096147017044,0.0,0.0,0.15,0.15,[0. 0. 0. 0. 0.],[0. 0. 0. 0. 0.],0.3,0.3,0.01,0.01,,
437,9,-0.08549012014306163,-55.61513823448772,21947.426432291668,21442.83322482639,0.0,0.0,0.15,0.15,[0. 0. 0. 0. 0.],[0. 0. 0. 0. 0.],0.3,0.3,0.01,0.01,,
438,17,58.77208347400863,-88.27488359172129,18325.183967141544,20959.24787454044,2.0,2.0,0.15,0.15,[0. 0. 0. 0. 0.],[0. 0. 0. 0. 0.],0.3,0.3,0.01,0.01,,
439,2,-0.11491158604742166,-250.77957156496154,22218.77880859375,27724.0224609375,0.0,0.0,0.15,0.15,[0. 0. 0. 0. 0.],[0. 0. 0. 0. 0.],0.3,0.3,0.01,0.01,,
440,7,-0.06144059667789998,-71.51010869479515,23218.688337053572,26195.57449776786,0.0,0.0,0.15,0.15,[0. 0. 0. 0. 0.],[0. 0. 0. 0. 0.],0.3,0.3,0.01,0.01,,
441,5,-0.18426359846228477,-100.07494858974363,26421.9349609375,20157.1384765625,0.0,0.0,0.15,0.15,[0. 0. 0. 0. 0.],[0. 0. 0. 0. 0.],0.3,0.3,0.01,0.01,,
442,3,-0.18791180977965916,-167.29324093512633,27017.212890625,15567.344401041666,0.0,0.0,0.15,0.15,[0. 0. 0. 0. 0.],[0. 0. 0. 0. 0.],0.3,0.3,0.01,0.01,,
443,13,-0.06234765215138626,-38.47671716413465,14460.864220252404,22957.505108173078,0.0,0.0,0.15,0.15,[0. 0. 0. 0. 0.],[0. 0. 0. 0. 0.],0.3,0.3,0.01,0.01,,
444,10,-50.07491971607827,0.0749197160782729,19824.203515625,19207.9744140625,0.0,0.0,0.15,0.15,[0. 0. 0. 0. 0.],[0. 0. 0. 0. 0.],0.3,0.3,0.01,0.01,,
445,14,-0.06855496693192338,-35.72280455269268,17840.146135602678,21114.405343191964,0.0,0.0,0.15,0.15,[0. 0. 0. 0. 0.],[0. 0. 0. 0. 0.],0.3,0.3,0.01,0.01,,
446,5,-0.10450271425177651,-100.18612038918052,19448.828515625,14568.86376953125,0.0,0.0,0.15,0.15,[0. 0. 0. 0. 0.],[0. 0. 0. 0. 0.],0.3,0.3,0.01,0.01,,
447,9,-0.08837382204749465,-55.72321761662838,22288.12478298611,18167.139811197918,0.0,0.0,0.15,0.15,[0. 0. 0. 0. 0.],[0. 0. 0. 0. 0.],0.3,0.3,0.01,0.01,,
448,7,-0.14527289537220306,-71.70232815427019,22644.609793526786,21726.512555803572,0.0,0.0,0.15,0.15,[0. 0. 0. 0. 0.],[0. 0. 0. 0. 0.],0.3,0.3,0.01,0.01,,
449,13,-0.0688115224193542,-38.52676665373116,18859.95860877404,22987.674654447117,0.0,0.0,0.15,0.15,[0. 0. 0. 0. 0.],[0. 0. 0. 0. 0.],0.3,0.3,0.01,0.01,,
450,12,-0.05301840410471925,-41.613648262561945,17909.047281901043,19595.371500651043,1.0,1.0,0.15,0.15,[0. 0. 0. 0. 0.],[0. 0. 0. 0. 0.],0.3,0.3,0.01,0.01,,
451,18,-0.1200205149270068,-27.828408085485993,20448.167317708332,24261.706597222223,0.0,0.0,0.15,0.15,[0. 0. 0. 0. 0.],[0. 0. 0. 0. 0.],0.3,0.3,0.01,0.01,,
452,4,-0.09021246458656541,-125.35945694294821,21961.1708984375,24838.112915039062,0.0,0.0,0.15,0.15,[0. 0. 0. 0. 0.],[0. 0. 0. 0. 0.],0.3,0.3,0.01,0.01,,
453,14,-0.06248157392505312,-35.7362554597098,18230.743512834822,24073.668875558036,0.0,0.0,0.15,0.15,[0. 0. 0. 0. 0.],[0. 0. 0. 0. 0.],0.3,0.3,0.01,0.01,,
454,10,-0.08643669426420177,-50.08474424776363,23140.02587890625,24841.22705078125,0.0,0.0,0.15,0.15,[0. 0. 0. 0. 0.],[0. 0. 0. 0. 0.],0.3,0.3,0.01,0.01,,
455,10,-50.14352526182499,0.11850128480333164,19942.51748046875,20543.741015625,0.0,0.0,0.15,0.15,[0. 0. 0. 0. 0.],[0. 0. 0. 0. 0.],0.3,0.3,0.01,0.01,,
456,27,-0.05045714103429108,-18.65953250269902,17175.11158130787,22860.724555121527,0.0,0.0,0.15,0.15,[0. 0. 0. 0. 0.],[0. 0. 0. 0. 0.],0.3,0.3,0.01,0.01,,
457,16,-31.296550516934385,0.04655051693438591,20859.288818359375,22883.672485351562,0.0,0.0,0.15,0.15,[0. 0. 0. 0. 0.],[0. 0. 0. 0. 0.],0.3,0.3,0.01,0.01,,
458,14,-35.77960084325638,0.06531512897066447,18837.541643415178,19700.798723493303,0.0,0.0,0.15,0.15,[0. 0. 0. 0. 0.],[0. 0. 0. 0. 0.],0.3,0.3,0.01,0.01,,
459,6,-0.04724574525253058,-83.56818044274266,16754.3193359375,20276.37939453125,0.0,0.0,0.15,0.15,[0. 0. 0. 0. 0.],[0. 0. 0. 0. 0.],0.3,0.3,0.01,0.01,,
460,5,-100.08432700403424,0.08432700403422777,19741.983203125,20076.32666015625,0.0,0.0,0.15,0.15,[0. 0. 0. 0. 0.],[0. 0. 0. 0. 0.],0.3,0.3,0.01,0.01,,
461,10,-0.09943372065202764,-50.055898193510856,13945.76162109375,18980.41794433594,0.0,0.0,0.15,0.15,[0. 0. 0. 0. 0.],[0. 0. 0. 0. 0.],0.3,0.3,0.01,0.01,,
462,17,-0.05660903864372276,-29.478510493691985,15526.819536994486,21211.868451286766,0.0,0.0,0.15,0.15,[0. 0. 0. 0. 0.],[0. 0. 0. 0. 0.],0.3,0.3,0.01,0.01,,
463,6,-0.1611934238919532,-83.36539610078235,15822.039876302084,21603.729817708332,0.0,0.0,0.15,0.15,[0. 0. 0. 0. 0.],[0. 0. 0. 0. 0.],0.3,0.3,0.01,0.01,,
464,7,-0.06621159172474052,-71.61371087433767,13484.72621372768,18845.3388671875,0.0,0.0,0.15,0.15,[0. 0. 0. 0. 0.],[0. 0. 0. 0. 0.],0.3,0.3,0.01,0.01,,
465,13,-0.06812362586227477,-38.4727920948389,22379.995643028848,17690.51359675481,0.0,0.0,0.15,0.15,[0. 0. 0. 0. 0.],[0. 0. 0. 0. 0.],0.3,0.3,0.01,0.01,,
466,3,-166.71484212580282,0.04817545913614737,21265.826171875,22506.782552083332,0.0,0.0,0.15,0.15,[0. 0. 0. 0. 0.],[0. 0. 0. 0. 0.],0.3,0.3,0.01,0.01,,
467,11,45.400717210117875,-91.04814855831518,17429.460582386364,14885.341264204546,1.0,1.0,0.15,0.15,[0. 0. 0. 0. 0.],[0. 0. 0. 0. 0.],0.3,0.3,0.01,0.01,,
468,2,-250.06683348305123,0.06683348305121735,16885.2578125,24100.1591796875,0.0,0.0,0.15,0.15,[0. 0. 0. 0. 0.],[0. 0. 0. 0. 0.],0.3,0.3,0.01,0.01,,
469,7,-0.11228004487934938,-71.7440680969593,17785.89864676339,21814.853445870536,0.0,0.0,0.15,0.15,[0. 0. 0. 0. 0.],[0. 0. 0. 0. 0.],0.3,0.3,0.01,0.01,,
470,6,-0.05509487298544339,-83.62840695465646,20731.389973958332,16576.909993489582,0.0,0.0,0.15,0.15,[0. 0. 0. 0. 0.],[0. 0. 0. 0. 0.],0.3,0.3,0.01,0.01,,
471,3,-0.06758733162091707,-167.0956228230735,14410.8046875,30313.470703125,0.0,0.0,0.15,0.15,[0. 0. 0. 0. 0.],[0. 0. 0. 0. 0.],0.3,0.3,0.01,0.01,,
472,12,-41.816174926592424,-41.60210065430307,19783.033040364582,26795.632161458332,0.0,0.0,0.15,0.15,[0. 0. 0. 0. 0.],[0. 0. 0. 0. 0.],0.3,0.3,0.01,0.01,,
473,9,-0.12899165528117518,-55.553846787287426,18585.27463107639,17233.336046006945,0.0,0.0,0.15,0.15,[0. 0. 0. 0. 0.],[0. 0. 0. 0. 0.],0.3,0.3,0.01,0.01,,
474,18,-27.842962078120244,-27.805077039933543,16371.82080078125,22487.19357638889,0.0,0.0,0.15,0.15,[0. 0. 0. 0. 0.],[0. 0. 0. 0. 0.],0.3,0.3,0.01,0.01,,
475,6,-0.06135060896251455,-83.49247042323697,21681.298990885418,26839.891276041668,0.0,0.0,0.15,0.15,[0. 0. 0. 0. 0.],[0. 0. 0. 0. 0.],0.3,0.3,0.01,0.01,,
476,13,-0.06069680168531561,-38.496692930018305,20404.47273137019,18345.50769981971,0.0,0.0,0.15,0.15,[0. 0. 0. 0. 0.],[0. 0. 0. 0. 0.],0.3,0.3,0.01,0.01,,
477,13,-0.09176910451720557,-38.53321069897226,19986.426532451922,21347.6279296875,0.0,0.0,0.15,0.15,[0. 0. 0. 0. 0.],[0. 0. 0. 0. 0.],0.3,0.3,0.01,0.01,,
478,5,-0.1933050482347088,-100.67062300835966,10398.092578125,18050.906396484374,0.0,0.0,0.15,0.15,[0. 0. 0. 0. 0.],[0. 0. 0. 0. 0.],0.3,0.3,0.01,0.01,,
479,11,-0.12734137142697952,-45.870405970660286,19907.248268821022,18178.247824928978,0.0,0.0,0.15,0.15,[0. 0. 0. 0. 0.],[0. 0. 0. 0. 0.],0.3,0.3,0.01,0.01,,
480,5,-0.13587452346134693,-100.09735691404765,13785.816796875,18901.82734375,0.0,0.0,0.15,0.15,[0. 0. 0. 0. 0.],[0. 0. 0. 0. 0.],0.3,0.3,0.01,0.01,,
481,3,-0.10426982977868583,-167.40843175693928,12645.591959635416,12701.024169921875,0.0,0.0,0.15,0.15,[0. 0. 0. 0. 0.],[0. 0. 0. 0. 0.],0.3,0.3,0.01,0.01,,
482,7,-71.51451504502141,0.08594361644998239,16533.326102120536,19870.919503348214,0.0,0.0,0.15,0.15,[0. 0. 0. 0. 0.],[0. 0. 0. 0. 0.],0.3,0.3,0.01,0.01,,
483,5,-0.09251938757828418,-100.21340267082539,21791.50673828125,27941.4244140625,0.0,0.0,0.15,0.15,[0. 0. 0. 0. 0.],[0. 0. 0. 0. 0.],0.3,0.3,0.01,0.01,,
484,7,-0.14141813879447027,-71.4671021266889,13905.513602120536,20213.85128348214,0.0,0.0,0.15,0.15,[0. 0. 0. 0. 0.],[0. 0. 0. 0. 0.],0.3,0.3,0.01,0.01,,
485,3,-0.20735749105247558,-167.2094956178212,13989.515787760416,22962.577473958332,0.0,0.0,0.15,0.15,[0. 0. 0. 0. 0.],[0. 0. 0. 0. 0.],0.3,0.3,0.01,0.01,,
486,8,-0.05083765520336204,-62.581988035221364,18700.005859375,15005.258605957031,0.0,0.0,0.15,0.15,[0. 0. 0. 0. 0.],[0. 0. 0. 0. 0.],0.3,0.3,0.01,0.01,,
487,8,-0.18541227273818214,-62.69066048693449,16473.78448486328,22696.492919921875,0.0,0.0,0.15,0.15,[0. 0. 0. 0. 0.],[0. 0. 0. 0. 0.],0.3,0.3,0.01,0.01,,
488,8,-0.059453218887851204,-62.6673843193896,21812.309326171875,20807.776489257812,0.0,0.0,0.15,0.15,[0. 0. 0. 0. 0.],[0. 0. 0. 0. 0.],0.3,0.3,0.01,0.01,,
489,6,-83.48695495347356,0.15362162014023178,19973.452473958332,24367.909505208332,0.0,0.0,0.15,0.15,[0. 0. 0. 0. 0.],[0. 0. 0. 0. 0.],0.3,0.3,0.01,0.01,,
490,7,-71.59842834797126,0.06155233179036717,21050.45828683036,27784.322265625,0.0,0.0,0.15,0.15,[0. 0. 0. 0. 0.],[0. 0. 0. 0. 0.],0.3,0.3,0.01,0.01,,
491,8,-62.55733027339511,0.05733027339510614,20869.646545410156,22277.0400390625,0.0,0.0,0.15,0.15,[0. 0. 0. 0. 0.],[0. 0. 0. 0. 0.],0.3,0.3,0.01,0.01,,
492,5,-0.08652199509643772,-100.25209331371393,19621.81142578125,19085.8177734375,0.0,0.0,0.15,0.15,[0. 0. 0. 0. 0.],[0. 0. 0. 0. 0.],0.3,0.3,0.01,0.01,,
493,5,-0.1333250362492365,-100.29784000632851,16506.387353515624,10700.5974609375,0.0,0.0,0.15,0.15,[0. 0. 0. 0. 0.],[0. 0. 0. 0. 0.],0.3,0.3,0.01,0.01,,
494,2,-250.17855087079505,0.178550870795031,14263.512451171875,17926.0751953125,0.0,0.0,0.15,0.15,[0. 0. 0. 0. 0.],[0. 0. 0. 0. 0.],0.3,0.3,0.01,0.01,,
495,9,-0.061960408326106796,-55.60675262885829,21749.484483506945,21610.222764756945,0.0,0.0,0.15,0.15,[0. 0. 0. 0. 0.],[0. 0. 0. 0. 0.],0.3,0.3,0.01,0.01,,
496,6,-0.10694748363655408,-83.48904837552907,18697.795328776043,17898.543050130207,0.0,0.0,0.15,0.15,[0. 0. 0. 0. 0.],[0. 0. 0. 0. 0.],0.3,0.3,0.01,0.01,,
497,5,99.96333443374361,-200.1773835943995,15176.1880859375,20056.2056640625,1.0,1.0,0.15,0.15,[0. 0. 0. 0. 0.],[0. 0. 0. 0. 0.],0.3,0.3,0.01,0.01,,
498,16,-31.332817816850568,0.05261273480041036,16247.093399047852,20492.66976928711,0.0,0.0,0.15,0.15,[0. 0. 0. 0. 0.],[0. 0. 0. 0. 0.],0.3,0.3,0.01,0.01,,
499,7,-0.12033197807775074,-71.49591456064918,21506.463448660714,23886.12667410714,0.0,0.0,0.15,0.15,[0. 0. 0. 0. 0.],[0. 0. 0. 0. 0.],0.3,0.3,0.01,0.01,,
500,17,-29.508486744396237,0.09672203851388547,17987.84291704963,23217.92919921875,0.0,0.0,0.15,0.15,[0. 0. 0. 0. 0.],[0. 0. 0. 0. 0.],0.3,0.3,0.01,0.01,,
